seq,arm,repeat,connect_ms,handshake_ms
1,classical,1,80.9420,19.0750
1,classical,1,12.2450,16.7390
1,classical,1,12.2020,14.7430
1,classical,1,11.6040,14.2970
1,classical,1,11.7720,15.2260
1,classical,1,11.1720,15.3370
1,classical,1,11.4710,14.5780
1,classical,1,11.2970,15.3970
1,classical,1,11.5280,14.4090
1,classical,1,10.9310,15.0870
1,classical,1,12.2800,15.1720
1,classical,1,11.6970,14.5600
1,classical,1,11.5980,15.6520
1,classical,1,11.7970,15.3500
1,classical,1,10.6260,15.0370
1,classical,1,11.7300,14.4360
1,classical,1,12.0880,15.3560
1,classical,1,11.1470,13.4740
1,classical,1,12.1830,14.0560
1,classical,1,11.7110,15.0400
1,classical,1,11.7330,14.5830
1,classical,1,11.7170,14.9800
1,classical,1,11.0750,14.6160
1,classical,1,12.3920,15.2530
1,classical,1,11.3760,15.9060
1,classical,1,12.3360,14.4590
1,classical,1,12.0620,14.9940
1,classical,1,11.6040,15.4690
1,classical,1,11.0220,14.4030
1,classical,1,12.1350,15.1250
1,classical,1,11.3060,15.5160
1,classical,1,11.2130,15.4230
1,classical,1,10.9940,14.6790
1,classical,1,11.5960,15.2490
1,classical,1,12.0100,15.4170
1,classical,1,11.5170,15.8440
1,classical,1,11.5710,14.2920
1,classical,1,11.5090,15.4210
1,classical,1,11.1000,14.5540
1,classical,1,11.3900,14.8640
1,classical,1,12.0590,15.5360
1,classical,1,11.3360,14.5750
1,classical,1,11.8500,15.5380
1,classical,1,11.0950,15.4710
1,classical,1,11.3990,14.5990
1,classical,1,11.9560,15.0080
1,classical,1,11.8470,14.2690
1,classical,1,11.1990,14.5190
1,classical,1,11.8010,15.5610
1,classical,1,11.2900,14.4780
1,classical,1,11.3330,14.2080
1,classical,1,11.8590,14.9260
1,classical,1,11.5580,15.4100
1,classical,1,11.2920,14.4510
1,classical,1,11.9090,14.5100
1,classical,1,11.4910,14.3440
1,classical,1,12.0850,15.3580
1,classical,1,10.7360,14.4890
1,classical,1,10.5780,15.4050
1,classical,1,11.6190,14.6830
1,classical,1,14.3260,14.3980
1,classical,1,10.8990,14.9870
1,classical,1,11.0650,14.2290
1,classical,1,11.3670,14.1540
1,classical,1,12.9170,14.4030
1,classical,1,11.0210,14.4710
1,classical,1,11.1590,13.8860
1,classical,1,10.8130,14.1190
1,classical,1,11.4400,14.0530
1,classical,1,11.0370,14.1390
1,classical,1,10.9080,14.3700
1,classical,1,10.6230,14.4540
1,classical,1,10.7440,14.2630
1,classical,1,10.3700,14.4640
1,classical,1,10.9290,14.4440
1,classical,1,11.2870,14.4030
1,classical,1,11.0750,14.3800
1,classical,1,11.3090,14.8530
1,classical,1,13.0690,14.1030
1,classical,1,10.3220,14.5780
1,classical,1,10.7170,14.5200
1,classical,1,11.3600,14.2950
1,classical,1,11.4660,13.9040
1,classical,1,11.2750,14.5440
1,classical,1,10.3660,14.4580
1,classical,1,10.3330,14.6140
1,classical,1,12.4700,16.4030
1,classical,1,12.4770,14.5480
1,classical,1,11.2220,14.6230
1,classical,1,10.8960,14.7630
1,classical,1,10.7010,14.4030
1,classical,1,10.9980,14.1990
1,classical,1,11.2660,14.5740
1,classical,1,10.6170,14.3270
1,classical,1,11.0080,14.4230
1,classical,1,10.5130,14.9100
1,classical,1,11.5820,24.6200
1,classical,1,11.6350,15.2110
1,classical,1,11.1870,15.1990
1,classical,1,11.7320,15.4330
2,hybrid,1,11.6550,20.1370
2,hybrid,1,11.7990,19.8450
2,hybrid,1,12.1560,20.5240
2,hybrid,1,11.2910,18.6330
2,hybrid,1,10.5910,19.0650
2,hybrid,1,10.9990,18.6880
2,hybrid,1,11.5850,18.6080
2,hybrid,1,11.3900,18.7130
2,hybrid,1,11.2750,19.2140
2,hybrid,1,11.2540,19.0280
2,hybrid,1,11.4950,19.3730
2,hybrid,1,11.5890,19.8150
2,hybrid,1,11.8010,19.6640
2,hybrid,1,11.2190,18.8150
2,hybrid,1,11.5090,19.4230
2,hybrid,1,12.8330,18.1890
2,hybrid,1,11.6980,19.4060
2,hybrid,1,11.6630,18.1270
2,hybrid,1,11.3750,18.9430
2,hybrid,1,11.1710,18.3190
2,hybrid,1,12.1120,20.4700
2,hybrid,1,12.0270,20.8870
2,hybrid,1,11.3560,18.8200
2,hybrid,1,11.0950,18.7040
2,hybrid,1,11.7910,18.3800
2,hybrid,1,11.0120,20.7600
2,hybrid,1,11.1510,19.7600
2,hybrid,1,10.6910,19.7200
2,hybrid,1,11.3700,18.6680
2,hybrid,1,11.0370,19.0720
2,hybrid,1,11.6780,19.1630
2,hybrid,1,11.5220,20.6270
2,hybrid,1,11.1010,18.0840
2,hybrid,1,10.6400,20.3200
2,hybrid,1,11.0800,19.7680
2,hybrid,1,11.1680,20.2370
2,hybrid,1,10.8370,19.7120
2,hybrid,1,93.4520,26.8450
2,hybrid,1,12.4160,21.3670
2,hybrid,1,12.1200,21.4600
2,hybrid,1,12.1780,20.1380
2,hybrid,1,12.8570,22.0380
2,hybrid,1,11.0790,19.4850
2,hybrid,1,10.6790,18.2280
2,hybrid,1,11.3490,18.5430
2,hybrid,1,11.8920,18.7220
2,hybrid,1,11.6370,18.3710
2,hybrid,1,11.9010,19.0800
2,hybrid,1,10.4910,19.4940
2,hybrid,1,11.5860,18.4520
2,hybrid,1,11.6270,20.8500
2,hybrid,1,10.8960,18.6220
2,hybrid,1,11.5370,18.0880
2,hybrid,1,11.3930,23.2560
2,hybrid,1,10.9010,18.8790
2,hybrid,1,11.0380,19.2250
2,hybrid,1,11.8720,18.3880
2,hybrid,1,11.0660,18.4360
2,hybrid,1,10.7970,17.1090
2,hybrid,1,11.8240,18.3750
2,hybrid,1,11.2700,19.8680
2,hybrid,1,10.8290,18.0280
2,hybrid,1,11.9950,18.0740
2,hybrid,1,11.2390,18.6960
2,hybrid,1,10.6770,18.4130
2,hybrid,1,10.7870,19.9150
2,hybrid,1,11.4760,19.1290
2,hybrid,1,11.4670,18.4440
2,hybrid,1,10.3650,18.8710
2,hybrid,1,11.0680,19.1240
2,hybrid,1,11.3090,19.0000
2,hybrid,1,11.4650,19.5410
2,hybrid,1,11.7850,17.8540
2,hybrid,1,11.0020,19.3450
2,hybrid,1,11.0390,18.3550
2,hybrid,1,11.0840,27.1170
2,hybrid,1,11.9520,22.1000
2,hybrid,1,10.8780,18.5290
2,hybrid,1,11.0640,20.9320
2,hybrid,1,11.0360,19.1140
2,hybrid,1,10.8430,20.7700
2,hybrid,1,11.2310,18.1930
2,hybrid,1,11.9020,18.6060
2,hybrid,1,11.4600,20.3900
2,hybrid,1,11.0270,18.9900
2,hybrid,1,10.8670,18.7780
2,hybrid,1,11.7140,19.5170
2,hybrid,1,11.2770,18.6120
2,hybrid,1,10.8720,21.8300
2,hybrid,1,10.7660,17.4240
2,hybrid,1,11.2750,18.1580
2,hybrid,1,11.4380,19.1830
2,hybrid,1,10.8440,17.5620
2,hybrid,1,11.3940,17.9240
2,hybrid,1,11.0740,19.6520
2,hybrid,1,11.1510,18.3040
2,hybrid,1,11.3820,18.4450
2,hybrid,1,10.6090,18.8710
2,hybrid,1,11.1340,20.2990
2,hybrid,1,11.6130,19.1300
3,pure,1,11.6430,20.1830
3,pure,1,11.0560,18.6850
3,pure,1,10.9720,19.8180
3,pure,1,11.9880,20.0190
3,pure,1,12.1040,18.1700
3,pure,1,11.3270,18.4090
3,pure,1,11.7730,18.0310
3,pure,1,12.2700,19.1540
3,pure,1,11.4160,20.4890
3,pure,1,11.1270,20.0930
3,pure,1,11.1320,17.9780
3,pure,1,10.8910,18.2040
3,pure,1,11.4740,19.6460
3,pure,1,11.4500,19.3090
3,pure,1,12.1570,18.5550
3,pure,1,12.0150,18.5590
3,pure,1,11.5050,20.1550
3,pure,1,11.1350,18.9510
3,pure,1,11.0140,18.2450
3,pure,1,11.8960,20.8280
3,pure,1,10.6160,18.2370
3,pure,1,11.0460,19.7600
3,pure,1,10.7330,18.9240
3,pure,1,10.7430,18.9920
3,pure,1,11.1200,20.3030
3,pure,1,10.5550,18.1020
3,pure,1,10.6880,18.7700
3,pure,1,10.4600,18.3020
3,pure,1,10.4370,20.1150
3,pure,1,12.2240,22.3500
3,pure,1,10.4960,19.2360
3,pure,1,10.8370,20.5660
3,pure,1,10.9550,18.3710
3,pure,1,13.5700,18.4060
3,pure,1,13.7400,21.9820
3,pure,1,11.8080,22.0400
3,pure,1,12.1920,19.6510
3,pure,1,11.0850,20.8680
3,pure,1,12.0310,19.5800
3,pure,1,11.1810,19.6440
3,pure,1,11.7830,18.1170
3,pure,1,11.0710,19.2830
3,pure,1,10.6460,18.6700
3,pure,1,11.8480,22.0690
3,pure,1,12.6100,20.0340
3,pure,1,10.8470,19.0890
3,pure,1,11.3170,19.0720
3,pure,1,11.4500,18.2660
3,pure,1,11.0690,19.3610
3,pure,1,10.6420,20.0670
3,pure,1,11.1500,17.9540
3,pure,1,11.3070,18.3520
3,pure,1,10.9740,18.9490
3,pure,1,10.9310,18.8120
3,pure,1,11.1420,19.3850
3,pure,1,11.6550,18.4830
3,pure,1,11.2250,19.5590
3,pure,1,95.8100,28.9330
3,pure,1,12.1660,19.8100
3,pure,1,11.4900,18.5320
3,pure,1,11.1120,19.6760
3,pure,1,10.9640,19.1270
3,pure,1,10.9040,18.2650
3,pure,1,11.1570,18.4180
3,pure,1,10.6670,18.3240
3,pure,1,11.1620,18.5780
3,pure,1,13.5040,19.2100
3,pure,1,11.2790,18.8930
3,pure,1,11.4160,18.1620
3,pure,1,11.1230,18.7900
3,pure,1,10.4960,18.6710
3,pure,1,10.6710,19.5990
3,pure,1,11.9310,18.1790
3,pure,1,10.9620,17.9330
3,pure,1,10.7880,18.6100
3,pure,1,12.0340,18.7090
3,pure,1,11.2540,19.3070
3,pure,1,12.1010,22.1030
3,pure,1,10.8750,17.5090
3,pure,1,11.3940,18.6620
3,pure,1,12.0000,18.9110
3,pure,1,10.8630,22.7900
3,pure,1,10.9540,19.3850
3,pure,1,11.6080,18.6040
3,pure,1,12.0110,20.6650
3,pure,1,12.1660,18.2290
3,pure,1,11.2280,18.9200
3,pure,1,10.9320,18.6830
3,pure,1,10.6860,18.3950
3,pure,1,11.4240,19.9790
3,pure,1,11.0660,18.4400
3,pure,1,10.8020,21.4550
3,pure,1,13.1790,20.7790
3,pure,1,12.4710,20.3420
3,pure,1,12.2790,22.2160
3,pure,1,13.1570,23.0510
3,pure,1,11.0930,18.4700
3,pure,1,11.1030,19.1880
3,pure,1,11.6950,19.0120
3,pure,1,12.9450,22.9070
4,deployed,1,11.1100,20.2180
4,deployed,1,11.4920,20.4650
4,deployed,1,12.9310,23.3490
4,deployed,1,13.0050,21.7600
4,deployed,1,11.3300,19.5870
4,deployed,1,12.1940,21.7150
4,deployed,1,11.4740,21.4940
4,deployed,1,12.7740,23.0120
4,deployed,1,11.5150,19.7530
4,deployed,1,10.8640,21.4510
4,deployed,1,10.9300,17.8450
4,deployed,1,11.7610,23.5090
4,deployed,1,10.9570,20.1350
4,deployed,1,11.1760,17.8580
4,deployed,1,11.1800,17.7780
4,deployed,1,11.0630,21.5810
4,deployed,1,10.9740,19.9370
4,deployed,1,12.0680,21.6630
4,deployed,1,12.0920,22.1220
4,deployed,1,12.7970,25.0630
4,deployed,1,12.2540,23.3400
4,deployed,1,12.8540,21.0990
4,deployed,1,12.6980,26.4820
4,deployed,1,12.1280,21.6730
4,deployed,1,13.7150,22.2420
4,deployed,1,12.9400,24.0090
4,deployed,1,11.7750,19.6280
4,deployed,1,12.6230,22.8970
4,deployed,1,12.2280,21.4520
4,deployed,1,12.9310,24.6810
4,deployed,1,12.9220,23.3380
4,deployed,1,12.9750,23.3060
4,deployed,1,12.4590,23.4650
4,deployed,1,12.7420,23.1390
4,deployed,1,11.7920,23.1110
4,deployed,1,12.7500,22.3750
4,deployed,1,11.5780,21.2290
4,deployed,1,11.8430,20.1350
4,deployed,1,11.5170,25.7530
4,deployed,1,12.1720,21.8480
4,deployed,1,11.7340,24.5580
4,deployed,1,12.0880,22.7130
4,deployed,1,13.9370,23.5860
4,deployed,1,14.9500,25.3720
4,deployed,1,13.0870,21.7600
4,deployed,1,13.0160,21.8730
4,deployed,1,12.0930,21.7060
4,deployed,1,11.4330,18.9980
4,deployed,1,11.8450,24.4210
4,deployed,1,12.8000,19.5650
4,deployed,1,12.4210,20.5520
4,deployed,1,12.7360,21.7260
4,deployed,1,12.5280,22.8410
4,deployed,1,12.5480,20.2570
4,deployed,1,12.2660,21.1150
4,deployed,1,14.6980,22.3250
4,deployed,1,11.8220,24.2710
4,deployed,1,13.9110,23.8440
4,deployed,1,12.2940,21.5440
4,deployed,1,47.4310,70.7120
4,deployed,1,12.4110,22.7300
4,deployed,1,12.0970,24.1620
4,deployed,1,11.4500,24.1580
4,deployed,1,11.9030,22.9780
4,deployed,1,12.4580,22.3350
4,deployed,1,13.2760,20.6010
4,deployed,1,12.4520,20.6630
4,deployed,1,12.9180,22.8360
4,deployed,1,13.0350,24.1980
4,deployed,1,11.8110,21.2970
4,deployed,1,10.7480,22.5220
4,deployed,1,12.8680,23.3640
4,deployed,1,12.3120,20.5000
4,deployed,1,12.0070,20.0720
4,deployed,1,12.2610,20.7510
4,deployed,1,13.4440,25.0240
4,deployed,1,13.0660,21.1660
4,deployed,1,12.0560,24.7560
4,deployed,1,12.2080,20.8470
4,deployed,1,12.0560,21.8440
4,deployed,1,12.7420,22.7790
4,deployed,1,13.4630,21.5620
4,deployed,1,12.7090,21.5080
4,deployed,1,12.9730,23.2380
4,deployed,1,12.6100,25.5920
4,deployed,1,12.4070,22.9900
4,deployed,1,12.7970,23.1620
4,deployed,1,12.3920,23.0050
4,deployed,1,11.8010,25.0900
4,deployed,1,12.5910,19.9070
4,deployed,1,10.8750,19.7970
4,deployed,1,11.1090,20.0720
4,deployed,1,11.6770,21.1390
4,deployed,1,11.0860,20.7210
4,deployed,1,11.2060,19.7410
4,deployed,1,11.3300,21.6590
4,deployed,1,11.4870,19.4630
4,deployed,1,12.0750,20.3120
4,deployed,1,11.9040,19.5420
4,deployed,1,11.1790,19.9480
5,classical,2,10.9510,14.3920
5,classical,2,11.4020,14.5890
5,classical,2,11.1740,14.0490
5,classical,2,10.6260,14.5640
5,classical,2,11.3260,14.7780
5,classical,2,12.7840,16.5570
5,classical,2,13.0490,15.4700
5,classical,2,11.2560,15.9960
5,classical,2,11.9420,14.6810
5,classical,2,12.1510,15.3610
5,classical,2,11.2700,14.5240
5,classical,2,10.5630,14.8050
5,classical,2,10.9460,14.7290
5,classical,2,10.7540,15.0470
5,classical,2,11.7610,14.3260
5,classical,2,10.5310,14.7610
5,classical,2,11.5840,15.0680
5,classical,2,11.7540,14.5080
5,classical,2,12.1120,15.5510
5,classical,2,11.5140,14.1440
5,classical,2,12.0000,14.5160
5,classical,2,11.5990,14.4580
5,classical,2,11.0450,14.7890
5,classical,2,11.0440,14.9600
5,classical,2,11.5900,14.9660
5,classical,2,11.2890,14.5410
5,classical,2,12.3180,15.1530
5,classical,2,12.1880,15.1000
5,classical,2,11.2530,14.8180
5,classical,2,11.2350,14.4100
5,classical,2,11.5720,15.1650
5,classical,2,11.1460,14.4810
5,classical,2,11.6000,14.1710
5,classical,2,13.3930,15.1730
5,classical,2,10.8180,15.9100
5,classical,2,10.8360,14.2940
5,classical,2,11.5350,15.8500
5,classical,2,11.9960,15.1380
5,classical,2,11.3410,14.1820
5,classical,2,14.7800,14.8900
5,classical,2,10.6730,14.5470
5,classical,2,11.6400,14.3990
5,classical,2,10.7710,14.6110
5,classical,2,14.0140,15.3970
5,classical,2,11.4480,15.3130
5,classical,2,11.9960,14.9380
5,classical,2,11.2210,14.2160
5,classical,2,11.4620,15.5400
5,classical,2,11.3050,14.4150
5,classical,2,11.7470,15.1830
5,classical,2,11.8160,15.3030
5,classical,2,11.1330,14.2010
5,classical,2,11.1960,14.2010
5,classical,2,11.3930,15.2570
5,classical,2,11.4700,14.0550
5,classical,2,11.7760,14.2490
5,classical,2,11.2050,14.1610
5,classical,2,10.9390,14.4740
5,classical,2,12.0420,15.3030
5,classical,2,11.3550,15.5340
5,classical,2,11.7840,15.0450
5,classical,2,12.0260,14.3040
5,classical,2,11.3560,19.7450
5,classical,2,11.4610,14.5070
5,classical,2,12.0780,15.1920
5,classical,2,10.6470,14.6010
5,classical,2,10.9650,14.1140
5,classical,2,12.0620,15.4940
5,classical,2,11.5450,14.4910
5,classical,2,11.2540,14.0630
5,classical,2,11.9980,14.0690
5,classical,2,11.6620,14.3100
5,classical,2,11.0540,14.1200
5,classical,2,11.1270,14.8710
5,classical,2,10.9310,18.2230
5,classical,2,10.8710,14.3180
5,classical,2,11.4100,15.4590
5,classical,2,11.5430,14.4990
5,classical,2,11.8950,15.1590
5,classical,2,11.3430,14.6960
5,classical,2,11.0610,14.0960
5,classical,2,10.5940,17.3410
5,classical,2,10.9190,14.4240
5,classical,2,11.6960,14.2800
5,classical,2,11.6980,14.1220
5,classical,2,10.4140,14.4050
5,classical,2,11.2620,14.2510
5,classical,2,10.8020,14.3040
5,classical,2,10.6100,14.7580
5,classical,2,11.3180,14.2900
5,classical,2,89.6490,20.1790
5,classical,2,12.9400,16.2650
5,classical,2,12.8210,15.0800
5,classical,2,11.3420,19.8990
5,classical,2,11.3320,14.5280
5,classical,2,11.8270,14.9710
5,classical,2,11.4870,15.2280
5,classical,2,12.1830,15.3420
5,classical,2,11.6200,15.7990
5,classical,2,10.8650,15.3000
6,hybrid,2,10.8660,18.3520
6,hybrid,2,10.9650,20.4180
6,hybrid,2,11.2290,20.7120
6,hybrid,2,11.2210,18.0430
6,hybrid,2,11.0190,21.2160
6,hybrid,2,10.9660,17.3500
6,hybrid,2,10.7780,22.5630
6,hybrid,2,10.6220,19.7410
6,hybrid,2,10.6920,18.9670
6,hybrid,2,11.3230,19.0600
6,hybrid,2,10.5040,17.5570
6,hybrid,2,10.6130,18.5980
6,hybrid,2,10.5830,19.3710
6,hybrid,2,11.4420,18.9230
6,hybrid,2,10.8510,20.0420
6,hybrid,2,11.0430,21.2040
6,hybrid,2,10.5130,21.0000
6,hybrid,2,10.9360,19.6690
6,hybrid,2,10.7910,19.3590
6,hybrid,2,11.0150,18.3020
6,hybrid,2,11.0230,20.6280
6,hybrid,2,10.5920,20.1600
6,hybrid,2,10.2200,17.7480
6,hybrid,2,10.6900,19.1360
6,hybrid,2,10.2460,19.3310
6,hybrid,2,10.8040,18.2870
6,hybrid,2,11.0790,21.2860
6,hybrid,2,10.9710,19.1830
6,hybrid,2,10.5940,17.8880
6,hybrid,2,11.2690,19.8530
6,hybrid,2,11.4670,19.1580
6,hybrid,2,12.2160,21.2310
6,hybrid,2,11.2310,18.5600
6,hybrid,2,11.0630,18.3440
6,hybrid,2,11.1380,20.7500
6,hybrid,2,11.1880,18.7780
6,hybrid,2,10.9680,18.5740
6,hybrid,2,11.6790,19.7230
6,hybrid,2,11.4330,20.4490
6,hybrid,2,11.1330,18.5040
6,hybrid,2,12.3780,17.8210
6,hybrid,2,11.4820,19.8660
6,hybrid,2,101.6940,26.3150
6,hybrid,2,12.1460,23.1680
6,hybrid,2,11.1880,18.8900
6,hybrid,2,11.6820,18.8680
6,hybrid,2,11.6760,19.5450
6,hybrid,2,11.5720,20.5110
6,hybrid,2,12.0820,19.4700
6,hybrid,2,11.0860,17.8350
6,hybrid,2,11.8370,18.0540
6,hybrid,2,11.7310,19.1220
6,hybrid,2,11.1760,17.9020
6,hybrid,2,11.5950,19.5890
6,hybrid,2,11.0700,19.5470
6,hybrid,2,11.2050,17.9690
6,hybrid,2,11.8350,21.0700
6,hybrid,2,12.0640,20.4350
6,hybrid,2,11.3990,18.3010
6,hybrid,2,11.4650,19.3410
6,hybrid,2,11.7190,20.3790
6,hybrid,2,10.7400,18.4210
6,hybrid,2,10.9960,19.1850
6,hybrid,2,10.9760,17.7760
6,hybrid,2,11.2260,18.4410
6,hybrid,2,11.1930,18.2760
6,hybrid,2,11.5680,18.2300
6,hybrid,2,11.2790,18.7940
6,hybrid,2,11.4840,18.4220
6,hybrid,2,11.2110,19.2520
6,hybrid,2,11.2940,18.5910
6,hybrid,2,10.6630,18.9040
6,hybrid,2,10.8470,18.8290
6,hybrid,2,11.1110,19.5260
6,hybrid,2,10.9210,18.2320
6,hybrid,2,10.8490,20.0640
6,hybrid,2,11.6020,21.4730
6,hybrid,2,11.5980,18.6840
6,hybrid,2,11.4830,19.3350
6,hybrid,2,11.1560,18.9330
6,hybrid,2,11.4760,19.2010
6,hybrid,2,11.4490,19.0640
6,hybrid,2,11.4640,19.0130
6,hybrid,2,11.4840,18.5810
6,hybrid,2,11.9160,17.9510
6,hybrid,2,11.0590,19.6960
6,hybrid,2,10.9900,18.8190
6,hybrid,2,11.0340,18.8480
6,hybrid,2,12.0910,19.7510
6,hybrid,2,11.1460,18.4760
6,hybrid,2,11.2250,18.8250
6,hybrid,2,13.2510,20.5840
6,hybrid,2,10.8260,19.6800
6,hybrid,2,10.9850,19.8270
6,hybrid,2,11.7720,18.2530
6,hybrid,2,10.7290,18.2260
6,hybrid,2,11.3030,19.0060
6,hybrid,2,12.0660,18.3200
6,hybrid,2,11.2870,18.6780
6,hybrid,2,10.9210,18.8530
7,pure,2,10.7680,19.0540
7,pure,2,10.9210,18.5920
7,pure,2,11.2590,19.6790
7,pure,2,11.2500,18.5980
7,pure,2,10.8940,18.2950
7,pure,2,10.9370,20.6670
7,pure,2,11.0120,18.8430
7,pure,2,11.4200,18.3540
7,pure,2,10.7400,19.8420
7,pure,2,11.3930,18.0880
7,pure,2,10.6600,17.4850
7,pure,2,11.1690,18.7150
7,pure,2,10.9440,20.2090
7,pure,2,10.6170,18.3930
7,pure,2,11.5060,19.2950
7,pure,2,10.8750,21.2560
7,pure,2,11.3860,18.1930
7,pure,2,12.0480,19.3240
7,pure,2,10.8370,17.8410
7,pure,2,11.6030,18.1370
7,pure,2,11.1890,19.2520
7,pure,2,11.2070,17.9970
7,pure,2,11.8130,21.7940
7,pure,2,11.2580,18.0160
7,pure,2,11.5580,19.2940
7,pure,2,11.2080,18.8130
7,pure,2,11.3730,20.0990
7,pure,2,10.8000,18.4620
7,pure,2,11.3610,19.4060
7,pure,2,11.5820,19.6220
7,pure,2,10.9110,18.3030
7,pure,2,10.6670,20.9680
7,pure,2,11.8780,19.8780
7,pure,2,11.2030,19.5030
7,pure,2,11.1590,17.6820
7,pure,2,10.8190,19.0680
7,pure,2,12.3820,19.5190
7,pure,2,11.1100,17.8900
7,pure,2,10.8530,18.4060
7,pure,2,12.2570,19.3780
7,pure,2,11.8200,18.5480
7,pure,2,10.9560,20.5650
7,pure,2,10.5240,18.0120
7,pure,2,11.8040,19.1390
7,pure,2,10.3820,18.3040
7,pure,2,10.9950,18.4460
7,pure,2,11.1230,19.1570
7,pure,2,12.5250,19.4590
7,pure,2,11.6810,19.5730
7,pure,2,11.2440,18.5530
7,pure,2,11.0690,18.7210
7,pure,2,11.1420,20.9580
7,pure,2,12.0000,19.4620
7,pure,2,11.5270,18.9430
7,pure,2,10.8620,17.4550
7,pure,2,11.3540,18.6140
7,pure,2,10.8930,18.3500
7,pure,2,10.6370,21.1060
7,pure,2,11.0390,18.7990
7,pure,2,11.3010,19.0850
7,pure,2,11.6600,19.0540
7,pure,2,10.6820,19.0070
7,pure,2,28.9080,78.6910
7,pure,2,11.4880,21.7600
7,pure,2,10.9240,18.4520
7,pure,2,10.8750,18.1340
7,pure,2,11.3030,18.5250
7,pure,2,11.8890,19.9720
7,pure,2,11.1550,17.8750
7,pure,2,10.6640,19.0140
7,pure,2,11.3820,18.9960
7,pure,2,12.8680,17.9700
7,pure,2,10.8040,18.9630
7,pure,2,10.8300,17.5790
7,pure,2,11.4040,18.3210
7,pure,2,11.3530,18.7720
7,pure,2,11.2770,19.6040
7,pure,2,10.7460,18.1050
7,pure,2,10.8720,18.8880
7,pure,2,11.6610,18.4120
7,pure,2,11.3910,18.5920
7,pure,2,10.4990,18.7690
7,pure,2,11.0620,18.6310
7,pure,2,11.9760,20.8870
7,pure,2,11.3490,19.3580
7,pure,2,10.5890,18.7410
7,pure,2,10.4070,18.9470
7,pure,2,11.0180,18.9280
7,pure,2,11.4550,19.6450
7,pure,2,11.2620,18.8150
7,pure,2,10.9510,18.7220
7,pure,2,11.2080,19.3590
7,pure,2,11.7730,20.8610
7,pure,2,11.1620,18.0860
7,pure,2,10.7350,18.6290
7,pure,2,11.5080,18.5910
7,pure,2,11.3100,18.4840
7,pure,2,10.7780,18.0290
7,pure,2,11.1050,21.4530
7,pure,2,10.7320,18.2630
8,deployed,2,11.4780,22.0020
8,deployed,2,11.8410,18.9790
8,deployed,2,11.8180,22.5690
8,deployed,2,10.7820,19.4650
8,deployed,2,11.0640,19.5930
8,deployed,2,11.0390,19.0000
8,deployed,2,11.4580,20.5110
8,deployed,2,11.7970,21.3060
8,deployed,2,11.2340,19.2470
8,deployed,2,15.5450,24.5690
8,deployed,2,11.9030,23.8010
8,deployed,2,10.6860,19.0290
8,deployed,2,10.9200,19.0170
8,deployed,2,12.3850,18.6040
8,deployed,2,11.5610,19.7620
8,deployed,2,10.9990,19.6650
8,deployed,2,11.6580,20.5490
8,deployed,2,10.9790,22.4410
8,deployed,2,11.5260,19.4330
8,deployed,2,11.8950,19.8080
8,deployed,2,11.2140,19.8060
8,deployed,2,11.1190,20.0340
8,deployed,2,11.0730,18.3430
8,deployed,2,11.8340,23.0280
8,deployed,2,10.8900,18.4570
8,deployed,2,10.7770,18.6720
8,deployed,2,11.0300,22.7080
8,deployed,2,11.2180,19.1570
8,deployed,2,13.2140,18.4540
8,deployed,2,11.3490,20.3820
8,deployed,2,11.5420,20.9800
8,deployed,2,11.4040,20.6220
8,deployed,2,11.1170,18.8640
8,deployed,2,11.5350,18.2450
8,deployed,2,10.8420,19.0110
8,deployed,2,11.6890,17.9820
8,deployed,2,11.4240,18.8970
8,deployed,2,11.5230,20.9650
8,deployed,2,11.4470,19.4730
8,deployed,2,11.6610,19.6790
8,deployed,2,11.9460,18.7820
8,deployed,2,11.3620,20.1640
8,deployed,2,11.1240,17.5510
8,deployed,2,11.2170,21.0980
8,deployed,2,10.9390,21.5470
8,deployed,2,11.2680,19.1590
8,deployed,2,10.6690,18.8230
8,deployed,2,11.4390,18.6370
8,deployed,2,11.5760,21.0810
8,deployed,2,10.7130,19.0530
8,deployed,2,11.1580,18.7550
8,deployed,2,11.8640,19.7210
8,deployed,2,11.5550,21.2250
8,deployed,2,11.3610,20.0720
8,deployed,2,12.0320,22.0440
8,deployed,2,11.2150,21.3630
8,deployed,2,11.3810,19.7520
8,deployed,2,10.7470,18.7810
8,deployed,2,10.3690,19.7210
8,deployed,2,11.5020,18.9650
8,deployed,2,11.5520,20.1960
8,deployed,2,10.9160,20.4390
8,deployed,2,10.8450,21.4880
8,deployed,2,11.0670,18.6360
8,deployed,2,11.1700,18.4530
8,deployed,2,12.4430,21.4180
8,deployed,2,12.2300,20.8800
8,deployed,2,11.5510,19.3520
8,deployed,2,10.8570,19.4120
8,deployed,2,11.3250,19.6210
8,deployed,2,12.2830,20.0770
8,deployed,2,11.3000,18.6600
8,deployed,2,14.9420,21.9930
8,deployed,2,12.8860,22.5070
8,deployed,2,11.5720,21.5870
8,deployed,2,11.6680,17.5870
8,deployed,2,11.2000,20.5220
8,deployed,2,11.9380,20.0650
8,deployed,2,11.4860,18.2130
8,deployed,2,11.0510,18.4420
8,deployed,2,11.7260,20.5510
8,deployed,2,10.6280,21.5260
8,deployed,2,11.5090,19.3100
8,deployed,2,10.6040,23.6070
8,deployed,2,10.5210,22.0720
8,deployed,2,10.4810,18.8850
8,deployed,2,10.5510,20.5080
8,deployed,2,11.4460,19.2490
8,deployed,2,11.0670,17.5340
8,deployed,2,10.6630,19.3910
8,deployed,2,10.3820,19.8370
8,deployed,2,11.4510,21.2570
8,deployed,2,11.1310,20.1150
8,deployed,2,11.5630,18.8690
8,deployed,2,10.2750,21.0490
8,deployed,2,10.5960,20.7200
8,deployed,2,10.9460,20.7320
8,deployed,2,11.6400,19.4630
8,deployed,2,10.9580,18.1520
8,deployed,2,10.6850,19.0780
9,classical,3,11.1670,13.8740
9,classical,3,10.7990,14.3440
9,classical,3,11.5180,14.7020
9,classical,3,10.7530,14.4250
9,classical,3,10.8190,14.3810
9,classical,3,11.5190,13.8600
9,classical,3,11.4600,14.4080
9,classical,3,11.2160,14.4170
9,classical,3,11.0360,14.4610
9,classical,3,11.2350,15.6430
9,classical,3,10.9540,16.5930
9,classical,3,11.2440,14.3060
9,classical,3,11.1030,14.2560
9,classical,3,12.2730,13.8450
9,classical,3,11.1740,14.6550
9,classical,3,10.9970,14.5130
9,classical,3,11.7160,15.8030
9,classical,3,10.9900,14.3680
9,classical,3,11.2210,15.2850
9,classical,3,11.2180,14.4840
9,classical,3,10.9830,14.4200
9,classical,3,11.1090,14.4720
9,classical,3,10.9110,14.6370
9,classical,3,10.7190,16.1420
9,classical,3,10.9940,13.1300
9,classical,3,10.4880,14.7180
9,classical,3,10.9050,14.1850
9,classical,3,11.3110,14.2070
9,classical,3,11.9200,16.2200
9,classical,3,11.6700,16.4500
9,classical,3,11.7220,15.3690
9,classical,3,11.8280,15.9340
9,classical,3,11.2970,14.0340
9,classical,3,10.9570,14.2840
9,classical,3,11.6750,15.0420
9,classical,3,11.0610,14.6640
9,classical,3,11.7100,14.6790
9,classical,3,11.4290,15.0860
9,classical,3,11.4290,14.5980
9,classical,3,11.8840,14.7420
9,classical,3,11.4410,14.3790
9,classical,3,11.2070,14.3190
9,classical,3,12.0210,15.2600
9,classical,3,11.1230,15.2590
9,classical,3,11.4800,14.3180
9,classical,3,11.6540,15.4390
9,classical,3,11.3340,15.1380
9,classical,3,11.5030,15.5570
9,classical,3,11.7580,14.4390
9,classical,3,11.5420,14.2540
9,classical,3,11.7710,14.4780
9,classical,3,11.4960,14.5020
9,classical,3,11.8430,14.4490
9,classical,3,11.1720,14.4320
9,classical,3,11.8980,14.7800
9,classical,3,11.9770,14.4950
9,classical,3,10.7470,14.5840
9,classical,3,10.5920,15.0630
9,classical,3,12.0890,15.1050
9,classical,3,11.6280,14.4020
9,classical,3,11.7980,15.8510
9,classical,3,11.3190,14.5400
9,classical,3,11.3790,16.5990
9,classical,3,10.9180,15.5270
9,classical,3,11.6810,15.4280
9,classical,3,11.8220,15.3070
9,classical,3,11.8920,14.7560
9,classical,3,10.7420,14.6320
9,classical,3,11.3590,14.8730
9,classical,3,10.7470,14.5540
9,classical,3,11.5570,13.8800
9,classical,3,11.0030,14.9410
9,classical,3,10.8500,14.2090
9,classical,3,11.5950,14.5030
9,classical,3,11.1710,14.1910
9,classical,3,11.6700,14.7550
9,classical,3,11.8240,15.2320
9,classical,3,11.2470,15.3370
9,classical,3,11.3380,14.1190
9,classical,3,10.9300,14.5550
9,classical,3,11.2970,17.7710
9,classical,3,11.8750,14.5800
9,classical,3,11.5370,15.2080
9,classical,3,11.3090,14.7840
9,classical,3,11.5960,15.1210
9,classical,3,10.6970,14.4280
9,classical,3,10.7590,17.0760
9,classical,3,12.0680,14.2690
9,classical,3,11.1390,15.1700
9,classical,3,11.2980,14.4840
9,classical,3,11.8000,14.1970
9,classical,3,11.7600,14.5070
9,classical,3,11.7860,15.9100
9,classical,3,11.1960,15.0220
9,classical,3,11.8170,14.2500
9,classical,3,10.8050,14.4920
9,classical,3,11.2660,14.2100
9,classical,3,12.5250,14.0240
9,classical,3,11.6130,15.6170
9,classical,3,10.9900,14.3310
10,hybrid,3,11.3300,18.4200
10,hybrid,3,11.1640,19.3430
10,hybrid,3,11.1680,19.5350
10,hybrid,3,11.6610,19.2750
10,hybrid,3,10.6500,19.6580
10,hybrid,3,11.3720,19.0280
10,hybrid,3,11.0190,19.3600
10,hybrid,3,11.3220,21.1020
10,hybrid,3,11.8450,18.0850
10,hybrid,3,11.3080,17.2590
10,hybrid,3,12.2400,19.0010
10,hybrid,3,11.7590,21.0800
10,hybrid,3,11.9990,17.5540
10,hybrid,3,11.8220,20.3250
10,hybrid,3,11.4610,19.7190
10,hybrid,3,11.1590,17.8390
10,hybrid,3,11.1010,18.1710
10,hybrid,3,10.9450,19.2970
10,hybrid,3,11.4230,19.2070
10,hybrid,3,11.9080,19.0080
10,hybrid,3,10.5800,18.7730
10,hybrid,3,11.7190,20.1310
10,hybrid,3,11.1670,18.2730
10,hybrid,3,11.7930,18.4690
10,hybrid,3,11.1040,17.7160
10,hybrid,3,11.9830,19.2630
10,hybrid,3,11.6070,19.5340
10,hybrid,3,11.7640,19.3150
10,hybrid,3,11.6670,19.8420
10,hybrid,3,11.2620,18.1040
10,hybrid,3,11.4630,18.1330
10,hybrid,3,11.1320,19.5370
10,hybrid,3,11.3850,19.0300
10,hybrid,3,11.5110,18.4550
10,hybrid,3,11.6420,18.0670
10,hybrid,3,10.7580,19.5860
10,hybrid,3,10.7890,19.5420
10,hybrid,3,11.5110,18.8320
10,hybrid,3,11.6130,18.2890
10,hybrid,3,10.7210,18.3660
10,hybrid,3,10.3540,17.8270
10,hybrid,3,18.2280,21.8280
10,hybrid,3,10.6600,18.0980
10,hybrid,3,11.6810,17.7480
10,hybrid,3,11.4620,18.6620
10,hybrid,3,11.4090,19.2000
10,hybrid,3,11.7490,18.3510
10,hybrid,3,11.3760,17.9820
10,hybrid,3,11.1200,18.6120
10,hybrid,3,10.5980,18.7460
10,hybrid,3,11.8260,18.7510
10,hybrid,3,11.5240,17.8780
10,hybrid,3,10.7010,19.3050
10,hybrid,3,12.8050,19.7140
10,hybrid,3,11.1160,20.6270
10,hybrid,3,10.8660,18.5780
10,hybrid,3,10.9870,18.8960
10,hybrid,3,11.3600,19.8460
10,hybrid,3,10.8580,18.2110
10,hybrid,3,11.0050,18.0850
10,hybrid,3,11.2400,59.0150
10,hybrid,3,14.1160,21.3650
10,hybrid,3,11.1630,18.3450
10,hybrid,3,11.8960,20.1290
10,hybrid,3,11.2560,20.8450
10,hybrid,3,10.8390,18.6110
10,hybrid,3,11.7260,18.1990
10,hybrid,3,10.4480,20.4400
10,hybrid,3,10.7530,22.9210
10,hybrid,3,11.1820,18.1850
10,hybrid,3,11.0070,18.3290
10,hybrid,3,10.3390,19.1350
10,hybrid,3,11.0840,20.6660
10,hybrid,3,11.1250,18.7780
10,hybrid,3,10.9270,19.5650
10,hybrid,3,11.0170,18.5050
10,hybrid,3,11.3640,17.7390
10,hybrid,3,11.1830,21.5150
10,hybrid,3,10.9820,18.3690
10,hybrid,3,10.9550,21.7510
10,hybrid,3,10.6540,20.0520
10,hybrid,3,11.4250,20.2770
10,hybrid,3,10.8960,18.9730
10,hybrid,3,11.4540,18.8960
10,hybrid,3,11.8640,18.5220
10,hybrid,3,10.9690,19.1350
10,hybrid,3,10.7130,18.4490
10,hybrid,3,10.7450,19.1400
10,hybrid,3,10.6460,19.3170
10,hybrid,3,11.4800,18.3610
10,hybrid,3,11.0920,18.9060
10,hybrid,3,11.1460,18.8350
10,hybrid,3,10.9060,18.5810
10,hybrid,3,11.1870,18.0970
10,hybrid,3,11.2610,19.4120
10,hybrid,3,11.6010,19.2930
10,hybrid,3,10.8650,19.3800
10,hybrid,3,11.0970,19.8040
10,hybrid,3,11.0840,21.0610
10,hybrid,3,11.4370,18.4610
11,pure,3,10.8270,18.8780
11,pure,3,13.2980,19.6030
11,pure,3,10.3760,18.4190
11,pure,3,10.4730,18.2940
11,pure,3,10.7240,18.2450
11,pure,3,11.1020,19.9070
11,pure,3,10.6850,21.1780
11,pure,3,11.4460,18.6800
11,pure,3,11.2450,17.9700
11,pure,3,11.1560,19.0160
11,pure,3,10.9990,34.8770
11,pure,3,11.1790,20.3760
11,pure,3,11.8370,20.5840
11,pure,3,11.6160,19.9910
11,pure,3,11.8660,21.6210
11,pure,3,11.0080,17.8990
11,pure,3,10.8560,21.5320
11,pure,3,11.3540,18.2540
11,pure,3,10.6690,18.8840
11,pure,3,11.2320,19.4660
11,pure,3,12.5290,17.9660
11,pure,3,10.8930,18.3770
11,pure,3,11.3790,19.8800
11,pure,3,11.3430,20.5850
11,pure,3,11.6680,19.6940
11,pure,3,11.0240,21.9670
11,pure,3,10.6350,20.0610
11,pure,3,10.5670,19.5680
11,pure,3,10.5060,20.6440
11,pure,3,11.0520,18.4240
11,pure,3,10.8160,20.1790
11,pure,3,10.4920,19.6750
11,pure,3,11.0410,19.6190
11,pure,3,11.0630,20.6090
11,pure,3,11.0590,19.8790
11,pure,3,10.8530,19.9760
11,pure,3,11.0600,19.0130
11,pure,3,11.6670,18.3150
11,pure,3,12.2660,19.3090
11,pure,3,11.6040,17.7330
11,pure,3,11.2280,17.6860
11,pure,3,10.5740,17.8310
11,pure,3,11.7640,19.8530
11,pure,3,11.1640,18.1910
11,pure,3,12.5950,20.0110
11,pure,3,11.2480,18.9120
11,pure,3,11.4890,20.7700
11,pure,3,11.4470,18.3560
11,pure,3,11.1830,20.2350
11,pure,3,11.0820,18.5940
11,pure,3,10.9080,17.4390
11,pure,3,11.3370,19.3950
11,pure,3,10.7960,17.6900
11,pure,3,11.1930,18.2440
11,pure,3,11.5630,18.6860
11,pure,3,11.7900,19.7980
11,pure,3,10.7640,20.5680
11,pure,3,11.9110,20.0490
11,pure,3,13.3710,19.3960
11,pure,3,10.9740,17.8760
11,pure,3,11.6010,19.4940
11,pure,3,12.4230,18.5290
11,pure,3,10.5300,22.8270
11,pure,3,11.1650,18.5990
11,pure,3,11.7470,17.9650
11,pure,3,11.1310,19.0680
11,pure,3,10.8690,17.3220
11,pure,3,11.3860,20.8170
11,pure,3,11.1090,19.2390
11,pure,3,11.0250,18.7300
11,pure,3,11.1250,19.7460
11,pure,3,10.9410,19.3930
11,pure,3,10.7610,18.5210
11,pure,3,11.8610,18.6190
11,pure,3,11.6980,18.6810
11,pure,3,10.8140,18.3180
11,pure,3,10.1960,18.6460
11,pure,3,10.8180,17.8510
11,pure,3,11.2290,19.9390
11,pure,3,11.3960,17.8880
11,pure,3,11.7650,124.7000
11,pure,3,11.9760,19.9300
11,pure,3,10.8340,19.5580
11,pure,3,11.2540,19.2260
11,pure,3,11.3660,19.0410
11,pure,3,11.3580,17.9060
11,pure,3,11.6210,19.9810
11,pure,3,11.2040,20.1480
11,pure,3,11.2840,18.9890
11,pure,3,10.6640,18.4310
11,pure,3,10.7310,18.2120
11,pure,3,10.6010,18.0170
11,pure,3,11.3270,19.5250
11,pure,3,10.6720,18.9700
11,pure,3,10.4170,16.9260
11,pure,3,11.2390,20.5000
11,pure,3,10.6280,17.9800
11,pure,3,11.0730,18.0210
11,pure,3,10.8430,21.2780
11,pure,3,10.8350,18.6110
12,deployed,3,11.5010,20.8470
12,deployed,3,11.9660,17.8180
12,deployed,3,11.0580,19.2900
12,deployed,3,10.8420,18.0800
12,deployed,3,11.2650,20.7450
12,deployed,3,11.1070,19.7200
12,deployed,3,10.9620,20.1260
12,deployed,3,11.3250,20.0880
12,deployed,3,11.3070,19.2850
12,deployed,3,11.9760,20.1150
12,deployed,3,11.6140,18.7300
12,deployed,3,11.4900,18.6630
12,deployed,3,10.8400,21.6050
12,deployed,3,10.9240,20.0290
12,deployed,3,11.1750,20.1640
12,deployed,3,11.3970,21.7460
12,deployed,3,11.1750,18.8670
12,deployed,3,10.8960,22.1750
12,deployed,3,10.7350,22.0540
12,deployed,3,11.2620,20.4390
12,deployed,3,11.4760,18.8790
12,deployed,3,11.1950,18.9190
12,deployed,3,11.2240,22.5720
12,deployed,3,11.2450,19.9340
12,deployed,3,11.7990,18.0210
12,deployed,3,12.9630,21.9260
12,deployed,3,11.6940,21.6860
12,deployed,3,11.6020,20.8180
12,deployed,3,11.5010,19.0630
12,deployed,3,12.2010,18.9070
12,deployed,3,11.8100,20.5260
12,deployed,3,11.5860,19.5670
12,deployed,3,10.9740,18.9110
12,deployed,3,11.7020,22.8430
12,deployed,3,11.6940,19.5450
12,deployed,3,11.6110,18.1160
12,deployed,3,11.5510,19.0650
12,deployed,3,11.2490,20.9100
12,deployed,3,11.4630,21.5860
12,deployed,3,11.9010,19.8140
12,deployed,3,11.7520,22.6220
12,deployed,3,11.2470,20.2930
12,deployed,3,11.8200,20.6580
12,deployed,3,11.7350,18.8210
12,deployed,3,11.5550,21.8630
12,deployed,3,11.5930,20.0240
12,deployed,3,10.6820,18.7000
12,deployed,3,11.8140,18.2700
12,deployed,3,11.4210,19.6380
12,deployed,3,11.9910,20.4130
12,deployed,3,10.8960,19.3060
12,deployed,3,12.0120,18.7530
12,deployed,3,11.8670,18.7660
12,deployed,3,11.7600,20.7980
12,deployed,3,11.4530,19.1590
12,deployed,3,11.5690,18.2390
12,deployed,3,11.2760,18.9030
12,deployed,3,12.1780,23.3010
12,deployed,3,11.4030,19.3930
12,deployed,3,11.1480,19.7690
12,deployed,3,11.3350,19.5140
12,deployed,3,11.2230,18.6300
12,deployed,3,11.2450,19.9150
12,deployed,3,11.3500,18.5150
12,deployed,3,11.7520,19.8940
12,deployed,3,11.4350,20.1060
12,deployed,3,11.1490,20.0330
12,deployed,3,11.5480,18.6380
12,deployed,3,11.8020,18.0510
12,deployed,3,11.3170,18.1130
12,deployed,3,11.5750,17.9900
12,deployed,3,10.8090,18.1410
12,deployed,3,11.8950,20.3940
12,deployed,3,11.4250,20.6180
12,deployed,3,11.5800,21.9230
12,deployed,3,11.6200,18.8130
12,deployed,3,11.2920,22.5410
12,deployed,3,11.0650,18.3590
12,deployed,3,11.3730,19.2440
12,deployed,3,12.1510,21.2810
12,deployed,3,10.5000,17.9060
12,deployed,3,11.0050,20.4460
12,deployed,3,10.9400,21.9020
12,deployed,3,11.1750,18.5580
12,deployed,3,10.9810,18.4650
12,deployed,3,11.6970,23.3180
12,deployed,3,11.3040,19.5680
12,deployed,3,11.5310,25.0780
12,deployed,3,12.4000,19.9440
12,deployed,3,10.6380,18.9950
12,deployed,3,10.6450,19.9040
12,deployed,3,11.3650,22.9910
12,deployed,3,11.0590,19.5450
12,deployed,3,11.0300,19.3970
12,deployed,3,11.3880,22.3160
12,deployed,3,11.5780,20.3620
12,deployed,3,10.8400,21.6520
12,deployed,3,11.3680,19.4530
12,deployed,3,10.3330,18.9530
12,deployed,3,10.6170,19.8500
13,classical,4,10.9490,14.2470
13,classical,4,13.4740,18.1960
13,classical,4,11.1930,14.5410
13,classical,4,10.9470,16.8750
13,classical,4,11.7080,14.1500
13,classical,4,10.7890,14.5000
13,classical,4,11.8880,14.0680
13,classical,4,11.3540,14.1970
13,classical,4,11.8660,13.9830
13,classical,4,12.0120,15.2630
13,classical,4,11.6750,14.3160
13,classical,4,11.3490,14.5450
13,classical,4,12.1450,15.5260
13,classical,4,12.0110,15.0250
13,classical,4,11.3360,14.9170
13,classical,4,11.2210,14.3610
13,classical,4,11.6460,14.4130
13,classical,4,11.1970,15.3350
13,classical,4,10.7480,14.8800
13,classical,4,11.8470,14.1730
13,classical,4,11.6650,14.3240
13,classical,4,11.5160,15.5720
13,classical,4,11.2900,14.5620
13,classical,4,11.0620,14.3860
13,classical,4,11.7140,14.6730
13,classical,4,11.0050,14.0840
13,classical,4,10.8920,15.1900
13,classical,4,11.3340,14.6890
13,classical,4,10.9210,15.3840
13,classical,4,11.2270,13.9390
13,classical,4,11.5320,14.3090
13,classical,4,11.3400,14.7520
13,classical,4,11.7290,13.8570
13,classical,4,11.3360,14.6970
13,classical,4,11.1060,14.3140
13,classical,4,11.1060,14.3120
13,classical,4,11.0850,14.0100
13,classical,4,11.6440,15.4710
13,classical,4,11.0740,14.6410
13,classical,4,11.1700,14.6260
13,classical,4,10.9720,14.2920
13,classical,4,10.5220,15.7190
13,classical,4,11.9720,14.1410
13,classical,4,11.7890,15.3580
13,classical,4,11.0120,14.6200
13,classical,4,12.0030,14.8590
13,classical,4,11.2630,15.1680
13,classical,4,11.5920,14.5080
13,classical,4,96.2250,21.0500
13,classical,4,12.4270,15.9940
13,classical,4,12.2730,14.6310
13,classical,4,10.9440,14.7640
13,classical,4,11.0510,15.0320
13,classical,4,11.8590,14.2480
13,classical,4,12.2100,15.2150
13,classical,4,11.6720,14.7100
13,classical,4,11.2570,14.8360
13,classical,4,11.2950,14.2730
13,classical,4,11.7090,15.3730
13,classical,4,11.8810,15.0050
13,classical,4,11.7600,15.3560
13,classical,4,18.3830,14.8520
13,classical,4,11.5520,15.0360
13,classical,4,11.3960,15.3390
13,classical,4,11.0350,14.4280
13,classical,4,11.2370,14.1290
13,classical,4,11.5430,14.2400
13,classical,4,11.1380,15.5650
13,classical,4,10.2150,14.5500
13,classical,4,12.5370,15.6130
13,classical,4,11.5860,15.3180
13,classical,4,12.1800,15.1440
13,classical,4,11.6120,14.9390
13,classical,4,11.6820,14.2170
13,classical,4,11.4090,14.4150
13,classical,4,12.3990,15.5030
13,classical,4,11.0440,14.7470
13,classical,4,11.1280,14.3920
13,classical,4,11.7880,14.2170
13,classical,4,12.0790,15.0450
13,classical,4,11.5200,15.4320
13,classical,4,11.9630,14.6060
13,classical,4,11.0440,14.7840
13,classical,4,11.0420,14.4400
13,classical,4,11.9000,15.2400
13,classical,4,11.5930,14.2120
13,classical,4,11.7540,14.2740
13,classical,4,12.0710,14.3110
13,classical,4,11.0450,15.3680
13,classical,4,12.6270,14.6770
13,classical,4,10.9370,14.6200
13,classical,4,12.0000,15.4460
13,classical,4,12.0920,14.9740
13,classical,4,11.7210,15.9350
13,classical,4,12.0840,14.3100
13,classical,4,11.6330,13.9660
13,classical,4,11.4460,14.7100
13,classical,4,11.8820,14.2980
13,classical,4,11.1090,14.3820
13,classical,4,11.6400,14.4010
14,hybrid,4,11.7030,20.5130
14,hybrid,4,12.2040,17.5560
14,hybrid,4,11.1210,18.9070
14,hybrid,4,12.0050,18.8250
14,hybrid,4,11.6710,18.0530
14,hybrid,4,10.7480,19.7170
14,hybrid,4,11.0980,17.9770
14,hybrid,4,53.4240,28.7240
14,hybrid,4,12.3230,21.0040
14,hybrid,4,11.7290,18.7710
14,hybrid,4,11.3550,18.3870
14,hybrid,4,11.5100,18.2380
14,hybrid,4,11.5310,19.2780
14,hybrid,4,11.5890,20.8230
14,hybrid,4,11.5290,17.6250
14,hybrid,4,10.7940,19.6130
14,hybrid,4,10.9980,18.5560
14,hybrid,4,11.4810,19.6870
14,hybrid,4,11.1830,19.2980
14,hybrid,4,11.1000,23.4930
14,hybrid,4,12.0870,19.0740
14,hybrid,4,11.6160,19.0430
14,hybrid,4,10.9820,18.7520
14,hybrid,4,11.8370,20.0530
14,hybrid,4,10.7710,18.3590
14,hybrid,4,11.0570,18.0930
14,hybrid,4,11.0330,19.3990
14,hybrid,4,10.6950,19.0590
14,hybrid,4,11.0300,18.2900
14,hybrid,4,11.1720,18.6240
14,hybrid,4,11.7990,20.8960
14,hybrid,4,11.8640,18.7600
14,hybrid,4,11.2270,18.5400
14,hybrid,4,10.8020,18.1020
14,hybrid,4,11.8220,22.0360
14,hybrid,4,11.3540,18.8650
14,hybrid,4,11.1650,20.0050
14,hybrid,4,11.5590,17.8240
14,hybrid,4,11.4910,19.1900
14,hybrid,4,11.8950,18.9700
14,hybrid,4,12.0580,19.9410
14,hybrid,4,11.5560,19.8090
14,hybrid,4,10.5930,20.1930
14,hybrid,4,10.8120,18.1520
14,hybrid,4,10.9400,17.9490
14,hybrid,4,10.8390,17.8280
14,hybrid,4,11.3840,18.0000
14,hybrid,4,11.5640,17.8320
14,hybrid,4,11.3560,19.4280
14,hybrid,4,11.7940,18.2500
14,hybrid,4,11.1830,18.4750
14,hybrid,4,11.3170,19.1590
14,hybrid,4,11.1180,19.2720
14,hybrid,4,11.4260,20.4170
14,hybrid,4,12.1500,18.9300
14,hybrid,4,11.4310,19.5610
14,hybrid,4,12.0630,20.5190
14,hybrid,4,11.3640,19.7300
14,hybrid,4,12.2130,19.8010
14,hybrid,4,11.2810,20.7070
14,hybrid,4,11.8360,18.6570
14,hybrid,4,12.1420,19.3930
14,hybrid,4,11.1090,22.8480
14,hybrid,4,11.5540,18.4330
14,hybrid,4,11.3460,19.4140
14,hybrid,4,11.2450,18.9000
14,hybrid,4,11.0670,19.7490
14,hybrid,4,10.5460,18.1170
14,hybrid,4,11.5070,21.6700
14,hybrid,4,11.2580,19.9120
14,hybrid,4,11.0350,19.5980
14,hybrid,4,11.3340,19.3770
14,hybrid,4,12.1800,17.9230
14,hybrid,4,10.7520,22.0340
14,hybrid,4,10.6920,18.7980
14,hybrid,4,11.1160,18.9020
14,hybrid,4,10.8300,20.5210
14,hybrid,4,12.1940,21.2180
14,hybrid,4,10.8080,20.6400
14,hybrid,4,12.3850,19.0340
14,hybrid,4,10.9820,18.2360
14,hybrid,4,12.2430,19.7090
14,hybrid,4,10.7250,18.0760
14,hybrid,4,10.7480,18.9870
14,hybrid,4,11.0780,19.3370
14,hybrid,4,10.9930,19.6430
14,hybrid,4,11.0480,18.9190
14,hybrid,4,11.4850,18.1270
14,hybrid,4,11.0310,17.9980
14,hybrid,4,10.8810,21.5420
14,hybrid,4,13.1830,19.3980
14,hybrid,4,10.8510,18.5410
14,hybrid,4,11.2720,18.7060
14,hybrid,4,10.9900,21.8130
14,hybrid,4,11.5650,18.1290
14,hybrid,4,11.6750,20.2550
14,hybrid,4,11.5400,19.2330
14,hybrid,4,11.2180,18.8530
14,hybrid,4,10.7010,20.5860
14,hybrid,4,10.8720,18.8240
15,pure,4,11.0880,18.7140
15,pure,4,11.5790,18.9920
15,pure,4,11.5730,19.2100
15,pure,4,11.0970,18.1810
15,pure,4,11.1370,18.3330
15,pure,4,12.4120,18.1030
15,pure,4,10.7460,18.9250
15,pure,4,10.7980,18.5850
15,pure,4,11.3830,19.2510
15,pure,4,10.8760,18.4640
15,pure,4,10.9480,17.9580
15,pure,4,11.4580,18.6520
15,pure,4,12.4770,22.2590
15,pure,4,11.2680,18.5710
15,pure,4,12.7840,19.3050
15,pure,4,10.7670,18.0140
15,pure,4,10.5110,20.5650
15,pure,4,11.8030,18.2010
15,pure,4,11.3270,18.9870
15,pure,4,11.1250,20.6900
15,pure,4,11.8370,18.1900
15,pure,4,11.0610,20.0880
15,pure,4,10.6830,18.1180
15,pure,4,10.5670,18.1260
15,pure,4,11.3370,19.4200
15,pure,4,11.2860,19.2900
15,pure,4,11.2610,19.0770
15,pure,4,85.0580,68.0050
15,pure,4,13.2170,23.8010
15,pure,4,21.8890,19.6990
15,pure,4,12.2620,20.6700
15,pure,4,11.7200,22.5310
15,pure,4,14.7370,20.0030
15,pure,4,11.3870,18.5900
15,pure,4,11.7570,19.9320
15,pure,4,11.0110,18.1470
15,pure,4,11.5040,18.9590
15,pure,4,11.0520,17.8230
15,pure,4,11.2040,19.6710
15,pure,4,10.8200,19.1350
15,pure,4,10.9570,18.3700
15,pure,4,10.9110,18.3630
15,pure,4,10.9920,18.3910
15,pure,4,11.1690,18.5990
15,pure,4,11.8310,19.4170
15,pure,4,11.3280,20.5960
15,pure,4,11.2970,18.8960
15,pure,4,10.9190,18.6890
15,pure,4,11.1590,19.2140
15,pure,4,11.4470,18.8480
15,pure,4,11.0420,18.3780
15,pure,4,11.5630,18.9580
15,pure,4,10.9880,19.0460
15,pure,4,10.9380,18.4820
15,pure,4,11.7560,21.3430
15,pure,4,10.9910,19.3280
15,pure,4,11.5980,19.5080
15,pure,4,11.3450,18.7430
15,pure,4,11.5350,18.7860
15,pure,4,11.0800,17.9770
15,pure,4,10.9040,20.3370
15,pure,4,10.9730,18.5040
15,pure,4,10.9540,18.8410
15,pure,4,11.4000,18.5520
15,pure,4,11.3600,18.5660
15,pure,4,10.7060,19.3890
15,pure,4,10.8000,18.4300
15,pure,4,10.8510,18.4300
15,pure,4,10.9710,19.1720
15,pure,4,10.8660,18.7170
15,pure,4,10.6410,19.0490
15,pure,4,11.5440,18.6040
15,pure,4,11.3550,21.2740
15,pure,4,12.2780,24.3540
15,pure,4,10.7910,18.6080
15,pure,4,10.5540,17.3310
15,pure,4,10.6360,18.9050
15,pure,4,10.4170,18.0720
15,pure,4,10.5090,19.4470
15,pure,4,11.1480,23.6060
15,pure,4,10.6370,18.2120
15,pure,4,10.5550,19.7420
15,pure,4,10.5210,19.6290
15,pure,4,11.2660,18.3150
15,pure,4,11.0960,17.7780
15,pure,4,11.2490,19.6630
15,pure,4,11.2730,17.5180
15,pure,4,10.9030,21.4390
15,pure,4,10.6430,18.9440
15,pure,4,10.3950,17.7420
15,pure,4,11.0670,19.3130
15,pure,4,10.8110,22.2470
15,pure,4,10.2830,19.5920
15,pure,4,10.3850,19.1490
15,pure,4,10.4090,19.5560
15,pure,4,11.0360,19.3350
15,pure,4,10.8050,124.4920
15,pure,4,11.1240,18.8260
15,pure,4,11.1560,18.1530
15,pure,4,10.7900,19.1230
16,deployed,4,11.1500,19.9020
16,deployed,4,11.3550,19.3150
16,deployed,4,11.4310,19.1910
16,deployed,4,11.4630,18.1940
16,deployed,4,11.3420,19.1880
16,deployed,4,11.3080,20.5820
16,deployed,4,14.0650,20.6310
16,deployed,4,13.0620,19.2290
16,deployed,4,11.0420,19.1380
16,deployed,4,11.5180,19.6320
16,deployed,4,11.3180,18.5660
16,deployed,4,11.0790,19.8670
16,deployed,4,11.4170,21.1250
16,deployed,4,10.9590,19.6610
16,deployed,4,10.8110,19.5040
16,deployed,4,11.8940,20.1310
16,deployed,4,11.4700,20.9420
16,deployed,4,11.2840,20.3430
16,deployed,4,11.2630,19.4490
16,deployed,4,10.7920,19.5140
16,deployed,4,10.7650,19.3770
16,deployed,4,10.9110,19.3920
16,deployed,4,11.0550,20.6610
16,deployed,4,11.4760,18.5460
16,deployed,4,11.6490,19.3050
16,deployed,4,11.0570,19.5530
16,deployed,4,11.5970,21.3320
16,deployed,4,10.8660,19.6300
16,deployed,4,11.3630,20.5260
16,deployed,4,11.5310,21.6890
16,deployed,4,11.5210,20.4210
16,deployed,4,13.2700,19.5700
16,deployed,4,10.2960,19.1240
16,deployed,4,11.6150,18.6290
16,deployed,4,11.9030,21.6210
16,deployed,4,10.9280,20.6310
16,deployed,4,10.3390,18.4740
16,deployed,4,11.6640,18.7820
16,deployed,4,11.1320,69.0340
16,deployed,4,13.4390,21.8060
16,deployed,4,11.2890,21.9780
16,deployed,4,10.1270,19.4060
16,deployed,4,11.8410,20.7880
16,deployed,4,11.0900,21.0500
16,deployed,4,11.0750,22.0600
16,deployed,4,10.8740,18.7100
16,deployed,4,10.8570,22.7700
16,deployed,4,12.0450,20.8170
16,deployed,4,11.7830,19.9380
16,deployed,4,11.0470,19.5900
16,deployed,4,11.7200,19.9900
16,deployed,4,10.8720,19.5550
16,deployed,4,11.1930,21.6710
16,deployed,4,11.2480,18.8720
16,deployed,4,10.6880,20.1570
16,deployed,4,12.1380,18.7960
16,deployed,4,11.9060,18.6190
16,deployed,4,11.7880,21.0100
16,deployed,4,11.3110,24.6600
16,deployed,4,10.9640,19.1830
16,deployed,4,11.3650,20.8180
16,deployed,4,11.3640,20.1100
16,deployed,4,11.4770,18.5330
16,deployed,4,10.8980,18.4110
16,deployed,4,11.0180,20.7940
16,deployed,4,12.1270,20.1280
16,deployed,4,11.3030,21.5150
16,deployed,4,11.6630,19.9080
16,deployed,4,11.5870,20.2140
16,deployed,4,11.0960,20.0770
16,deployed,4,11.2460,18.7300
16,deployed,4,11.0530,19.6060
16,deployed,4,10.6320,21.9270
16,deployed,4,10.6610,20.7650
16,deployed,4,11.6290,20.4900
16,deployed,4,11.5300,19.9780
16,deployed,4,10.9670,18.7750
16,deployed,4,11.5910,18.9900
16,deployed,4,11.3690,19.4080
16,deployed,4,11.0940,21.2670
16,deployed,4,11.4980,19.8320
16,deployed,4,11.7850,21.9040
16,deployed,4,10.9570,19.0190
16,deployed,4,11.9200,19.1140
16,deployed,4,11.8400,19.6740
16,deployed,4,10.9900,19.7710
16,deployed,4,11.8910,18.8510
16,deployed,4,11.2370,21.9990
16,deployed,4,11.5120,19.7920
16,deployed,4,11.4940,18.3020
16,deployed,4,11.4060,19.4540
16,deployed,4,11.6350,22.4550
16,deployed,4,11.2010,19.8120
16,deployed,4,11.4410,19.0080
16,deployed,4,11.4790,19.7270
16,deployed,4,10.7750,19.8300
16,deployed,4,12.0220,18.4170
16,deployed,4,10.9040,24.8770
16,deployed,4,11.5380,21.1560
16,deployed,4,11.1210,20.1930
17,classical,5,11.3230,14.4890
17,classical,5,11.0840,14.4500
17,classical,5,11.5160,14.0750
17,classical,5,11.0390,14.4150
17,classical,5,11.7390,14.2940
17,classical,5,11.6650,15.3720
17,classical,5,10.7370,14.5710
17,classical,5,11.6320,14.3440
17,classical,5,11.8770,15.3330
17,classical,5,11.6720,14.4420
17,classical,5,10.7810,18.2760
17,classical,5,11.2050,14.4050
17,classical,5,11.6030,14.7380
17,classical,5,11.8080,14.4000
17,classical,5,11.6330,15.0950
17,classical,5,11.7840,15.4860
17,classical,5,12.3960,15.2080
17,classical,5,11.3630,14.5370
17,classical,5,12.1650,14.5980
17,classical,5,11.3740,18.4010
17,classical,5,11.0980,14.3350
17,classical,5,10.4150,14.6290
17,classical,5,11.4340,14.4210
17,classical,5,10.3840,16.6170
17,classical,5,10.3180,14.6480
17,classical,5,11.0660,14.0930
17,classical,5,11.1580,14.3160
17,classical,5,11.2270,14.4850
17,classical,5,10.4250,14.4950
17,classical,5,10.8890,14.9010
17,classical,5,11.1640,14.5670
17,classical,5,10.8650,14.5010
17,classical,5,11.0370,14.3670
17,classical,5,10.6770,14.2220
17,classical,5,10.5490,14.5830
17,classical,5,10.8480,14.3950
17,classical,5,11.2200,14.6840
17,classical,5,11.3570,14.7010
17,classical,5,11.1360,14.3210
17,classical,5,10.6970,14.5550
17,classical,5,10.6920,14.5640
17,classical,5,11.7770,14.4410
17,classical,5,10.9780,14.7510
17,classical,5,10.6800,14.9280
17,classical,5,11.0800,14.1820
17,classical,5,12.4130,14.6150
17,classical,5,11.5500,15.2730
17,classical,5,11.1150,14.3790
17,classical,5,11.2230,15.3070
17,classical,5,11.4590,16.0700
17,classical,5,11.9040,14.2660
17,classical,5,12.0790,14.0250
17,classical,5,11.4730,13.9620
17,classical,5,10.8210,14.6250
17,classical,5,12.0250,15.0890
17,classical,5,11.5550,17.5420
17,classical,5,10.5040,16.7220
17,classical,5,11.6120,14.5480
17,classical,5,11.2990,13.9010
17,classical,5,11.3220,15.1730
17,classical,5,11.1710,14.8310
17,classical,5,12.3630,14.8790
17,classical,5,11.1510,14.1410
17,classical,5,11.5680,14.8940
17,classical,5,11.2390,14.1910
17,classical,5,10.9690,14.5750
17,classical,5,11.3010,14.6100
17,classical,5,14.2570,16.0820
17,classical,5,13.2740,15.0950
17,classical,5,11.3240,15.8490
17,classical,5,11.4820,14.4260
17,classical,5,11.9570,15.5580
17,classical,5,11.5090,15.3690
17,classical,5,11.0680,14.6130
17,classical,5,11.4960,14.6800
17,classical,5,11.1830,15.1440
17,classical,5,11.1410,14.4750
17,classical,5,12.3970,15.3910
17,classical,5,11.7870,14.3290
17,classical,5,11.4370,14.5060
17,classical,5,11.4920,14.5810
17,classical,5,11.4260,14.4310
17,classical,5,11.8760,15.4100
17,classical,5,11.1420,15.4230
17,classical,5,10.7810,14.7280
17,classical,5,11.5200,14.2140
17,classical,5,11.1190,14.0690
17,classical,5,11.2680,14.4350
17,classical,5,11.3270,14.4090
17,classical,5,10.9150,14.7200
17,classical,5,11.8060,14.4740
17,classical,5,11.7680,15.3550
17,classical,5,11.1810,15.4810
17,classical,5,11.0040,16.9680
17,classical,5,11.3760,15.5200
17,classical,5,11.2800,15.3390
17,classical,5,11.3840,13.9300
17,classical,5,11.9340,15.5720
17,classical,5,11.1580,15.0490
17,classical,5,11.6860,14.2360
18,hybrid,5,10.8420,17.7880
18,hybrid,5,10.9440,18.7250
18,hybrid,5,11.2730,18.9960
18,hybrid,5,10.8080,19.4060
18,hybrid,5,11.1840,18.0110
18,hybrid,5,11.7460,18.0900
18,hybrid,5,11.2130,18.8190
18,hybrid,5,11.5320,19.0650
18,hybrid,5,11.5540,21.8170
18,hybrid,5,10.8310,18.7770
18,hybrid,5,11.1530,18.9140
18,hybrid,5,11.1510,19.1730
18,hybrid,5,11.3790,21.2030
18,hybrid,5,11.0420,20.2330
18,hybrid,5,11.8350,20.3990
18,hybrid,5,11.9610,19.5780
18,hybrid,5,10.8970,18.9820
18,hybrid,5,11.2640,18.9080
18,hybrid,5,11.4240,23.5570
18,hybrid,5,11.6450,20.3710
18,hybrid,5,11.7590,18.3750
18,hybrid,5,10.4810,18.8810
18,hybrid,5,10.9770,125.9020
18,hybrid,5,11.8690,23.0100
18,hybrid,5,11.5530,21.4240
18,hybrid,5,11.2450,17.3890
18,hybrid,5,11.6900,19.4900
18,hybrid,5,11.6830,18.7680
18,hybrid,5,12.5970,19.0390
18,hybrid,5,11.0010,18.6890
18,hybrid,5,11.8250,19.6240
18,hybrid,5,11.7970,18.0100
18,hybrid,5,11.9320,20.0930
18,hybrid,5,12.3150,19.1360
18,hybrid,5,11.5210,19.2170
18,hybrid,5,11.6710,19.6390
18,hybrid,5,10.8660,21.2190
18,hybrid,5,10.7500,18.1910
18,hybrid,5,11.7290,19.2730
18,hybrid,5,11.4860,17.8500
18,hybrid,5,11.6980,19.0040
18,hybrid,5,11.3530,18.2670
18,hybrid,5,10.9110,18.4810
18,hybrid,5,12.3970,19.0370
18,hybrid,5,12.4610,18.0730
18,hybrid,5,11.3950,18.3670
18,hybrid,5,10.7010,20.6420
18,hybrid,5,11.2090,21.6730
18,hybrid,5,10.8530,19.8980
18,hybrid,5,11.6830,20.2120
18,hybrid,5,11.7320,19.6430
18,hybrid,5,11.1400,18.8480
18,hybrid,5,10.9290,18.7410
18,hybrid,5,12.1990,19.7480
18,hybrid,5,11.0010,20.6770
18,hybrid,5,11.8670,19.7960
18,hybrid,5,11.4070,17.8460
18,hybrid,5,10.5440,20.1440
18,hybrid,5,11.5890,18.9680
18,hybrid,5,11.1000,19.6770
18,hybrid,5,10.7800,19.7740
18,hybrid,5,10.8370,17.9820
18,hybrid,5,11.6040,18.9000
18,hybrid,5,10.8730,21.0570
18,hybrid,5,11.1250,18.5100
18,hybrid,5,11.4370,18.2550
18,hybrid,5,11.1330,18.8040
18,hybrid,5,11.5300,18.2220
18,hybrid,5,11.3820,19.1400
18,hybrid,5,11.8580,20.2970
18,hybrid,5,10.9130,18.2630
18,hybrid,5,11.1450,18.9430
18,hybrid,5,11.3680,19.1770
18,hybrid,5,10.9970,18.3600
18,hybrid,5,11.0730,19.2060
18,hybrid,5,10.7300,19.7450
18,hybrid,5,11.4930,18.3250
18,hybrid,5,10.9600,19.4010
18,hybrid,5,11.7630,18.9700
18,hybrid,5,11.1650,19.5210
18,hybrid,5,10.6930,18.8370
18,hybrid,5,11.3670,18.3730
18,hybrid,5,10.8560,19.3390
18,hybrid,5,11.4550,18.6260
18,hybrid,5,11.1570,19.7170
18,hybrid,5,11.2830,18.3910
18,hybrid,5,11.3180,20.4600
18,hybrid,5,10.9470,17.9560
18,hybrid,5,10.7310,21.3620
18,hybrid,5,11.6900,19.8260
18,hybrid,5,10.4240,19.1320
18,hybrid,5,10.9210,17.5880
18,hybrid,5,10.8560,132.9850
18,hybrid,5,12.2860,20.6790
18,hybrid,5,11.0210,20.6030
18,hybrid,5,11.1520,18.1080
18,hybrid,5,11.1810,18.9800
18,hybrid,5,11.3220,19.8970
18,hybrid,5,11.9690,18.7710
18,hybrid,5,11.4940,18.5370
19,pure,5,10.6710,18.5760
19,pure,5,11.0260,17.6300
19,pure,5,11.2010,21.1420
19,pure,5,11.5370,19.3040
19,pure,5,11.8160,18.6600
19,pure,5,11.9440,21.8750
19,pure,5,11.4050,19.4960
19,pure,5,11.3040,18.7350
19,pure,5,10.7580,18.7070
19,pure,5,11.0580,20.3850
19,pure,5,11.9260,19.5210
19,pure,5,11.1420,18.6180
19,pure,5,10.9810,20.3270
19,pure,5,11.7190,17.8130
19,pure,5,10.7050,18.5900
19,pure,5,11.3160,18.1340
19,pure,5,10.6040,17.9020
19,pure,5,11.0300,21.1410
19,pure,5,11.2920,19.4820
19,pure,5,11.4700,18.2920
19,pure,5,11.0960,18.9360
19,pure,5,11.3320,18.8460
19,pure,5,10.9410,19.7860
19,pure,5,10.8950,19.1650
19,pure,5,10.4760,19.5040
19,pure,5,11.4300,19.0440
19,pure,5,10.9010,20.2890
19,pure,5,12.3520,21.7990
19,pure,5,11.1950,18.0150
19,pure,5,10.9660,19.5680
19,pure,5,11.1400,20.7810
19,pure,5,10.8720,18.8590
19,pure,5,11.3350,19.0770
19,pure,5,10.9970,19.5910
19,pure,5,11.7060,20.8370
19,pure,5,11.4210,19.8110
19,pure,5,10.6040,18.7800
19,pure,5,11.1150,17.5830
19,pure,5,11.2560,18.1780
19,pure,5,10.8100,17.8520
19,pure,5,11.8720,18.2320
19,pure,5,10.7520,19.6390
19,pure,5,11.1220,19.9470
19,pure,5,83.2260,29.7980
19,pure,5,12.4330,25.4470
19,pure,5,11.9280,23.4540
19,pure,5,11.1150,19.4350
19,pure,5,10.6320,19.3740
19,pure,5,11.1450,17.9930
19,pure,5,11.2380,18.3190
19,pure,5,11.1050,19.0620
19,pure,5,11.1150,19.6770
19,pure,5,10.6970,19.2550
19,pure,5,12.2180,20.7490
19,pure,5,11.1360,20.1950
19,pure,5,11.9490,21.6790
19,pure,5,11.5380,19.2590
19,pure,5,11.0410,18.1530
19,pure,5,11.5810,19.3580
19,pure,5,11.6080,20.9050
19,pure,5,10.9940,18.1470
19,pure,5,11.1830,19.1630
19,pure,5,11.5500,20.5310
19,pure,5,11.1450,17.9330
19,pure,5,11.6970,19.6990
19,pure,5,11.2180,19.5020
19,pure,5,11.0530,18.8070
19,pure,5,11.6230,17.9090
19,pure,5,11.6790,18.1740
19,pure,5,10.6450,17.8780
19,pure,5,11.7880,20.3880
19,pure,5,10.7650,19.7320
19,pure,5,11.5740,18.4560
19,pure,5,11.4600,18.4900
19,pure,5,11.3700,19.0230
19,pure,5,10.9860,18.7220
19,pure,5,11.6610,20.2970
19,pure,5,11.0370,17.9080
19,pure,5,11.7490,19.7660
19,pure,5,11.1520,20.9970
19,pure,5,11.4620,18.9780
19,pure,5,11.7120,20.5370
19,pure,5,11.3240,18.7010
19,pure,5,11.6820,18.1760
19,pure,5,11.1620,18.5340
19,pure,5,11.7320,18.5260
19,pure,5,11.5750,20.0360
19,pure,5,10.7720,19.7680
19,pure,5,10.9690,19.1810
19,pure,5,11.2380,18.0380
19,pure,5,11.5330,18.7920
19,pure,5,11.0920,18.2180
19,pure,5,11.0260,20.7260
19,pure,5,11.1720,20.7670
19,pure,5,10.7150,19.8850
19,pure,5,11.2700,17.6650
19,pure,5,10.6610,21.2730
19,pure,5,11.0480,18.3440
19,pure,5,11.0230,17.6510
19,pure,5,11.4680,19.3570
20,deployed,5,11.0570,20.7150
20,deployed,5,11.6440,18.8280
20,deployed,5,11.5860,21.2540
20,deployed,5,10.8470,21.5900
20,deployed,5,11.8310,19.6980
20,deployed,5,11.2730,21.1110
20,deployed,5,10.6840,20.7780
20,deployed,5,11.1180,18.3650
20,deployed,5,10.9000,22.3020
20,deployed,5,10.6390,20.4460
20,deployed,5,11.0110,20.0700
20,deployed,5,12.4960,18.4980
20,deployed,5,11.3640,18.8540
20,deployed,5,10.9320,20.6540
20,deployed,5,10.8840,20.9700
20,deployed,5,11.0090,19.1370
20,deployed,5,11.2720,20.9200
20,deployed,5,10.2140,23.1240
20,deployed,5,10.4360,21.0320
20,deployed,5,11.1780,20.6280
20,deployed,5,11.3250,18.7640
20,deployed,5,10.5330,19.8840
20,deployed,5,10.0920,19.8530
20,deployed,5,11.0960,24.2670
20,deployed,5,10.4780,20.1570
20,deployed,5,10.5210,19.7490
20,deployed,5,11.1660,25.8350
20,deployed,5,11.1530,20.0190
20,deployed,5,10.5860,20.4210
20,deployed,5,10.7150,22.0270
20,deployed,5,11.1800,23.8790
20,deployed,5,10.4180,21.8210
20,deployed,5,12.3460,20.1290
20,deployed,5,10.7730,19.2670
20,deployed,5,10.8240,18.0340
20,deployed,5,11.0560,20.8020
20,deployed,5,10.4350,21.7940
20,deployed,5,11.1520,18.7400
20,deployed,5,10.5840,23.1790
20,deployed,5,10.9810,20.6910
20,deployed,5,11.1600,20.1220
20,deployed,5,10.8780,19.1710
20,deployed,5,11.1150,22.5650
20,deployed,5,11.6260,23.8830
20,deployed,5,11.4760,21.2160
20,deployed,5,11.4930,19.5240
20,deployed,5,11.2630,19.3320
20,deployed,5,11.6680,19.0890
20,deployed,5,11.8620,19.1530
20,deployed,5,11.6560,22.5300
20,deployed,5,12.0710,21.0230
20,deployed,5,11.3010,20.9020
20,deployed,5,11.2930,20.0260
20,deployed,5,11.3420,18.6460
20,deployed,5,65.7560,58.3520
20,deployed,5,11.2610,22.9320
20,deployed,5,12.4070,20.7510
20,deployed,5,10.6660,21.4500
20,deployed,5,11.4640,18.0480
20,deployed,5,11.9480,19.3860
20,deployed,5,11.4060,20.0970
20,deployed,5,11.2090,19.1320
20,deployed,5,12.2330,19.9850
20,deployed,5,11.4910,19.8890
20,deployed,5,11.8120,19.8140
20,deployed,5,11.4960,20.8370
20,deployed,5,11.4060,21.6500
20,deployed,5,11.5940,22.8830
20,deployed,5,11.4690,18.7800
20,deployed,5,10.7820,20.2320
20,deployed,5,10.4570,19.2930
20,deployed,5,11.6850,18.9920
20,deployed,5,10.6070,19.5170
20,deployed,5,11.1410,18.9160
20,deployed,5,11.8910,21.2460
20,deployed,5,11.1930,20.6560
20,deployed,5,13.6770,20.9000
20,deployed,5,11.2490,21.5420
20,deployed,5,10.9550,19.4000
20,deployed,5,11.6100,20.5860
20,deployed,5,11.1610,19.1960
20,deployed,5,11.9680,18.6950
20,deployed,5,11.3630,20.5170
20,deployed,5,11.3220,19.6770
20,deployed,5,11.2350,19.8700
20,deployed,5,11.8820,20.2940
20,deployed,5,11.4800,18.8040
20,deployed,5,10.8230,19.3560
20,deployed,5,11.8130,18.3010
20,deployed,5,11.3810,18.8080
20,deployed,5,10.9610,21.1470
20,deployed,5,11.5130,19.2130
20,deployed,5,11.3800,22.4630
20,deployed,5,11.3670,22.1110
20,deployed,5,11.4710,19.2470
20,deployed,5,11.1100,19.5540
20,deployed,5,10.8380,22.3540
20,deployed,5,10.9930,18.7350
20,deployed,5,11.7790,19.4350
20,deployed,5,10.9170,19.3630
