arm,repeat,sample_ms
classical,1,2.3290
classical,1,2.4520
classical,1,2.3920
classical,1,2.3480
classical,1,2.2840
classical,1,2.2490
classical,1,2.2760
classical,1,2.2240
classical,1,2.2140
classical,1,2.3810
classical,1,2.2910
classical,1,2.2340
classical,1,2.2050
classical,1,2.2120
classical,1,2.1710
classical,1,2.2580
classical,1,2.2440
classical,1,2.2210
classical,1,2.2870
classical,1,2.1600
classical,1,2.1620
classical,1,2.2700
classical,1,2.2600
classical,1,2.1590
classical,1,2.2470
classical,1,2.3050
classical,1,2.1910
classical,1,2.2570
classical,1,2.2930
classical,1,2.2100
classical,1,2.2410
classical,1,2.2770
classical,1,2.2030
classical,1,2.2330
classical,1,2.1840
classical,1,2.1830
classical,1,2.3290
classical,1,2.2420
classical,1,2.2320
classical,1,2.2020
classical,1,2.2210
classical,1,2.3280
classical,1,2.3000
classical,1,2.3210
classical,1,2.2970
classical,1,2.1820
classical,1,2.3580
classical,1,2.2330
classical,1,2.2110
classical,1,2.1770
classical,1,2.3160
classical,1,2.2770
classical,1,2.2390
classical,1,2.3160
classical,1,2.2400
classical,1,2.2040
classical,1,2.2770
classical,1,2.1950
classical,1,2.3030
classical,1,2.2060
classical,1,2.1910
classical,1,2.2910
classical,1,2.1900
classical,1,2.3100
classical,1,2.2440
classical,1,2.1760
classical,1,2.2710
classical,1,2.4470
classical,1,2.2540
classical,1,2.2450
classical,1,2.2770
classical,1,2.2320
classical,1,2.2160
classical,1,2.2150
classical,1,2.2500
classical,1,2.2850
classical,1,2.2150
classical,1,2.2580
classical,1,2.2410
classical,1,2.2120
classical,1,2.2860
classical,1,2.2760
classical,1,2.1900
classical,1,2.2260
classical,1,2.2220
classical,1,2.2480
classical,1,2.2790
classical,1,2.2160
classical,1,2.2230
classical,1,2.2860
classical,1,2.2020
classical,1,2.3160
classical,1,2.2520
classical,1,2.1730
classical,1,2.2440
classical,1,2.2330
classical,1,2.1640
classical,1,2.2720
classical,1,2.2710
classical,1,2.1980
classical,1,2.2030
classical,1,2.2490
classical,1,2.1940
classical,1,2.2940
classical,1,2.2650
classical,1,2.2200
classical,1,2.2270
classical,1,2.1640
classical,1,2.3090
classical,1,2.3110
classical,1,2.3280
classical,1,2.1760
classical,1,2.2490
classical,1,2.3140
classical,1,2.4210
classical,1,2.2930
classical,1,2.1430
classical,1,2.2610
classical,1,2.2320
classical,1,2.1740
classical,1,2.2940
classical,1,2.3000
classical,1,2.2690
classical,1,2.2920
classical,1,2.1960
classical,1,2.2930
classical,1,2.2960
classical,1,2.1860
classical,1,2.2610
classical,1,2.2340
classical,1,2.2290
classical,1,2.1660
classical,1,2.2950
classical,1,2.2260
classical,1,2.2390
classical,1,2.3340
classical,1,2.2290
classical,1,2.2520
classical,1,2.2550
classical,1,2.2170
classical,1,2.2510
classical,1,2.2700
classical,1,2.2830
classical,1,2.2510
classical,1,2.3010
classical,1,2.2210
classical,1,2.2290
classical,1,2.2900
classical,1,2.2700
classical,1,2.6530
classical,1,2.9850
classical,1,2.3640
classical,1,2.3410
classical,1,2.2830
classical,1,2.4550
classical,1,2.3270
classical,1,2.3420
classical,1,2.2630
classical,1,2.3020
classical,1,2.7360
classical,1,2.8020
classical,1,3.2580
classical,1,3.2930
classical,1,3.2220
classical,1,3.1810
classical,1,3.2350
classical,1,3.4520
classical,1,2.9710
classical,1,2.9600
classical,1,3.0450
classical,1,2.8060
classical,1,3.1760
classical,1,2.7920
classical,1,2.9680
classical,1,2.3650
classical,1,2.3200
classical,1,2.2810
classical,1,2.3140
classical,1,2.2580
classical,1,2.3130
classical,1,2.2710
classical,1,2.1860
classical,1,2.2310
classical,1,2.2470
classical,1,2.4580
classical,1,2.3960
classical,1,2.1930
classical,1,2.2510
classical,1,2.2100
classical,1,2.3030
classical,1,2.3200
classical,1,2.2370
classical,1,2.4290
classical,1,2.3390
classical,1,2.2860
classical,1,2.3110
classical,1,2.3020
classical,1,2.4990
classical,1,2.4070
classical,1,2.3650
classical,2,2.2680
classical,2,2.4310
classical,2,2.3790
classical,2,2.3340
classical,2,2.2550
classical,2,2.3220
classical,2,2.2690
classical,2,2.3940
classical,2,2.2990
classical,2,2.4650
classical,2,2.4630
classical,2,2.4070
classical,2,2.3580
classical,2,2.4040
classical,2,2.2950
classical,2,2.4290
classical,2,2.3440
classical,2,2.4030
classical,2,2.2890
classical,2,2.4910
classical,2,2.3350
classical,2,2.3020
classical,2,2.3020
classical,2,2.3530
classical,2,2.4080
classical,2,2.4280
classical,2,2.3510
classical,2,2.4460
classical,2,2.3310
classical,2,2.3810
classical,2,2.3020
classical,2,2.3150
classical,2,2.4320
classical,2,2.4200
classical,2,2.3490
classical,2,2.3470
classical,2,2.3450
classical,2,2.3810
classical,2,2.3520
classical,2,2.3560
classical,2,2.2980
classical,2,2.3840
classical,2,2.3540
classical,2,2.2620
classical,2,2.3040
classical,2,2.3150
classical,2,2.2900
classical,2,2.4140
classical,2,2.3410
classical,2,2.3770
classical,2,2.4080
classical,2,2.3750
classical,2,2.3480
classical,2,2.4810
classical,2,2.6360
classical,2,2.3510
classical,2,2.4080
classical,2,2.3970
classical,2,2.2830
classical,2,2.4970
classical,2,2.3950
classical,2,2.3060
classical,2,2.4390
classical,2,2.3990
classical,2,2.4320
classical,2,2.3710
classical,2,2.3490
classical,2,2.3370
classical,2,2.2960
classical,2,2.2050
classical,2,2.4300
classical,2,2.2800
classical,2,2.2670
classical,2,2.3810
classical,2,2.5830
classical,2,2.3470
classical,2,2.5290
classical,2,2.2830
classical,2,2.2410
classical,2,2.3120
classical,2,2.2780
classical,2,2.4290
classical,2,2.4990
classical,2,2.5110
classical,2,2.4510
classical,2,2.6480
classical,2,2.7500
classical,2,2.7340
classical,2,2.4860
classical,2,2.2030
classical,2,2.2370
classical,2,2.2050
classical,2,2.2730
classical,2,2.7540
classical,2,2.7400
classical,2,2.6970
classical,2,2.9200
classical,2,3.2350
classical,2,3.2670
classical,2,3.3980
classical,2,3.6000
classical,2,3.4330
classical,2,3.3370
classical,2,3.3510
classical,2,4.2760
classical,2,3.3550
classical,2,3.3070
classical,2,3.1070
classical,2,3.0140
classical,2,2.7960
classical,2,2.8960
classical,2,3.3580
classical,2,3.2190
classical,2,3.3870
classical,2,3.3390
classical,2,3.1460
classical,2,3.0430
classical,2,3.0870
classical,2,3.1350
classical,2,3.1780
classical,2,3.2450
classical,2,3.4310
classical,2,3.6430
classical,2,3.2730
classical,2,3.2530
classical,2,3.0920
classical,2,2.9800
classical,2,2.8990
classical,2,2.9910
classical,2,3.2100
classical,2,3.2280
classical,2,3.2860
classical,2,3.4390
classical,2,3.3440
classical,2,3.3610
classical,2,3.3760
classical,2,3.4860
classical,2,3.4030
classical,2,3.3540
classical,2,3.2930
classical,2,3.4370
classical,2,3.4130
classical,2,3.2950
classical,2,3.3370
classical,2,3.2360
classical,2,3.3990
classical,2,3.3760
classical,2,3.3180
classical,2,3.2710
classical,2,3.2930
classical,2,3.3910
classical,2,3.3600
classical,2,3.3850
classical,2,3.5950
classical,2,3.4530
classical,2,3.4110
classical,2,3.4310
classical,2,3.5310
classical,2,3.4190
classical,2,3.3110
classical,2,3.3610
classical,2,3.3190
classical,2,3.4040
classical,2,3.3500
classical,2,3.3940
classical,2,3.3550
classical,2,3.3350
classical,2,3.2950
classical,2,3.2600
classical,2,3.3220
classical,2,3.3090
classical,2,3.1990
classical,2,3.0890
classical,2,3.1110
classical,2,3.1720
classical,2,3.2450
classical,2,3.2360
classical,2,3.0910
classical,2,3.4490
classical,2,3.2200
classical,2,3.3260
classical,2,3.2280
classical,2,3.4680
classical,2,3.3800
classical,2,3.1940
classical,2,3.2850
classical,2,3.3860
classical,2,3.2590
classical,2,3.5450
classical,2,3.4550
classical,2,3.4340
classical,2,3.4010
classical,2,3.5010
classical,2,3.4690
classical,2,3.4330
classical,2,3.5130
classical,2,3.3980
classical,2,3.4000
classical,2,3.4890
classical,2,3.4760
classical,3,3.4050
classical,3,3.3600
classical,3,3.4070
classical,3,3.3790
classical,3,3.3780
classical,3,3.4500
classical,3,3.3840
classical,3,3.2860
classical,3,3.2850
classical,3,3.2740
classical,3,3.3370
classical,3,3.4330
classical,3,3.3310
classical,3,3.2950
classical,3,3.3550
classical,3,3.4270
classical,3,3.3050
classical,3,3.2430
classical,3,3.1190
classical,3,3.1400
classical,3,3.1390
classical,3,3.1280
classical,3,2.9510
classical,3,2.9250
classical,3,3.0530
classical,3,3.1640
classical,3,3.2410
classical,3,3.4930
classical,3,3.4200
classical,3,3.5690
classical,3,3.4160
classical,3,3.5950
classical,3,3.6340
classical,3,3.6590
classical,3,3.7210
classical,3,3.5010
classical,3,3.5350
classical,3,3.5280
classical,3,3.5430
classical,3,3.5150
classical,3,3.6250
classical,3,3.5000
classical,3,3.3270
classical,3,3.4460
classical,3,3.7520
classical,3,3.6340
classical,3,3.5530
classical,3,3.2940
classical,3,3.3310
classical,3,3.3380
classical,3,3.2330
classical,3,3.1960
classical,3,3.2150
classical,3,3.4520
classical,3,3.3760
classical,3,3.6920
classical,3,3.5200
classical,3,3.7490
classical,3,3.7250
classical,3,3.5780
classical,3,3.5240
classical,3,3.4350
classical,3,3.5880
classical,3,3.5420
classical,3,3.5870
classical,3,3.3410
classical,3,3.5310
classical,3,3.6400
classical,3,3.3680
classical,3,3.3310
classical,3,3.3460
classical,3,3.2450
classical,3,3.4360
classical,3,3.6280
classical,3,3.3330
classical,3,3.4110
classical,3,3.3190
classical,3,3.4280
classical,3,3.5820
classical,3,3.5960
classical,3,3.5570
classical,3,3.5940
classical,3,3.3620
classical,3,3.2650
classical,3,3.1890
classical,3,3.3070
classical,3,3.3230
classical,3,3.5660
classical,3,3.6070
classical,3,3.6830
classical,3,3.6590
classical,3,3.6470
classical,3,3.9160
classical,3,3.4820
classical,3,3.3220
classical,3,3.3690
classical,3,3.3260
classical,3,3.3260
classical,3,3.4720
classical,3,3.5850
classical,3,3.4640
classical,3,3.1320
classical,3,3.1330
classical,3,2.8810
classical,3,2.6380
classical,3,2.5280
classical,3,2.3660
classical,3,2.3430
classical,3,2.4980
classical,3,2.2940
classical,3,2.5260
classical,3,2.4900
classical,3,2.5340
classical,3,2.4240
classical,3,2.5250
classical,3,2.5420
classical,3,2.4220
classical,3,2.5730
classical,3,2.5050
classical,3,2.3600
classical,3,2.6780
classical,3,2.6710
classical,3,2.6710
classical,3,2.4920
classical,3,2.4190
classical,3,2.4430
classical,3,2.3410
classical,3,2.3770
classical,3,2.3340
classical,3,2.7730
classical,3,2.3600
classical,3,2.3870
classical,3,2.3680
classical,3,2.3160
classical,3,2.2720
classical,3,2.1680
classical,3,2.2220
classical,3,2.3370
classical,3,2.3390
classical,3,2.4630
classical,3,2.3740
classical,3,2.2940
classical,3,2.2570
classical,3,2.5340
classical,3,2.2970
classical,3,2.3730
classical,3,2.3890
classical,3,2.2960
classical,3,2.4960
classical,3,2.3750
classical,3,2.3170
classical,3,2.2480
classical,3,2.2850
classical,3,2.2270
classical,3,2.3610
classical,3,2.2100
classical,3,2.1800
classical,3,2.3590
classical,3,2.2630
classical,3,2.2110
classical,3,2.2990
classical,3,2.2140
classical,3,2.2600
classical,3,2.2060
classical,3,2.1930
classical,3,2.2150
classical,3,2.2660
classical,3,2.2380
classical,3,2.2190
classical,3,2.2300
classical,3,2.2430
classical,3,2.1590
classical,3,2.1750
classical,3,2.2360
classical,3,2.1490
classical,3,2.1920
classical,3,2.1570
classical,3,2.2330
classical,3,2.1900
classical,3,2.3350
classical,3,2.2500
classical,3,2.2090
classical,3,2.2270
classical,3,2.2090
classical,3,2.2340
classical,3,2.3030
classical,3,2.2870
classical,3,2.2530
classical,3,2.2100
classical,3,2.1870
classical,3,2.2140
classical,3,2.3110
classical,3,2.3190
classical,3,2.2780
classical,3,2.2060
classical,3,2.2300
classical,3,2.2740
classical,3,2.2520
classical,3,2.3180
classical,3,2.2930
hybrid,1,3.8190
hybrid,1,4.7910
hybrid,1,4.9120
hybrid,1,3.6940
hybrid,1,3.8270
hybrid,1,6.5640
hybrid,1,5.8270
hybrid,1,5.5220
hybrid,1,4.0460
hybrid,1,3.5010
hybrid,1,3.8450
hybrid,1,3.8300
hybrid,1,3.8280
hybrid,1,4.0300
hybrid,1,4.5630
hybrid,1,5.3280
hybrid,1,6.1320
hybrid,1,6.7780
hybrid,1,4.5370
hybrid,1,4.9370
hybrid,1,4.8880
hybrid,1,4.0030
hybrid,1,4.7270
hybrid,1,3.6380
hybrid,1,5.1480
hybrid,1,3.8390
hybrid,1,4.0850
hybrid,1,6.1610
hybrid,1,4.2330
hybrid,1,3.7780
hybrid,1,4.1740
hybrid,1,6.1640
hybrid,1,4.3390
hybrid,1,4.6580
hybrid,1,4.5810
hybrid,1,5.3490
hybrid,1,5.4500
hybrid,1,4.9940
hybrid,1,4.2570
hybrid,1,5.9970
hybrid,1,5.6520
hybrid,1,4.2720
hybrid,1,5.0620
hybrid,1,4.0150
hybrid,1,4.1630
hybrid,1,4.4160
hybrid,1,4.1120
hybrid,1,4.0880
hybrid,1,4.4100
hybrid,1,3.7480
hybrid,1,4.6800
hybrid,1,4.3340
hybrid,1,3.7940
hybrid,1,4.4760
hybrid,1,4.4350
hybrid,1,4.8630
hybrid,1,3.9410
hybrid,1,3.8290
hybrid,1,4.2450
hybrid,1,4.1990
hybrid,1,4.8690
hybrid,1,3.9560
hybrid,1,4.3390
hybrid,1,4.9950
hybrid,1,6.4920
hybrid,1,4.7920
hybrid,1,5.9970
hybrid,1,5.2790
hybrid,1,4.7760
hybrid,1,4.3530
hybrid,1,3.5210
hybrid,1,4.9180
hybrid,1,4.4370
hybrid,1,5.4040
hybrid,1,3.8680
hybrid,1,3.6120
hybrid,1,4.9990
hybrid,1,5.2300
hybrid,1,4.3200
hybrid,1,6.5910
hybrid,1,3.6280
hybrid,1,3.7910
hybrid,1,3.7130
hybrid,1,4.2360
hybrid,1,3.9280
hybrid,1,4.0760
hybrid,1,3.8980
hybrid,1,3.9690
hybrid,1,4.1370
hybrid,1,4.6430
hybrid,1,4.2830
hybrid,1,4.6210
hybrid,1,5.0930
hybrid,1,7.2960
hybrid,1,4.2890
hybrid,1,4.0220
hybrid,1,4.0080
hybrid,1,3.6610
hybrid,1,3.9710
hybrid,1,4.2680
hybrid,1,4.0250
hybrid,1,5.0110
hybrid,1,4.1100
hybrid,1,6.5060
hybrid,1,3.6840
hybrid,1,4.2520
hybrid,1,4.1520
hybrid,1,5.4470
hybrid,1,4.0400
hybrid,1,3.3490
hybrid,1,4.3240
hybrid,1,5.8190
hybrid,1,4.6610
hybrid,1,5.1520
hybrid,1,4.6720
hybrid,1,5.6800
hybrid,1,3.4400
hybrid,1,4.2490
hybrid,1,4.5100
hybrid,1,8.0790
hybrid,1,4.5470
hybrid,1,5.8330
hybrid,1,4.5350
hybrid,1,3.6810
hybrid,1,4.8720
hybrid,1,4.7030
hybrid,1,5.4950
hybrid,1,4.1870
hybrid,1,6.9220
hybrid,1,4.6560
hybrid,1,5.1260
hybrid,1,3.8180
hybrid,1,3.5720
hybrid,1,3.7610
hybrid,1,5.3140
hybrid,1,3.7610
hybrid,1,6.4550
hybrid,1,4.0400
hybrid,1,5.2150
hybrid,1,3.9260
hybrid,1,3.6550
hybrid,1,5.5910
hybrid,1,3.7290
hybrid,1,4.8560
hybrid,1,4.1770
hybrid,1,3.8450
hybrid,1,4.0350
hybrid,1,3.6050
hybrid,1,3.8690
hybrid,1,4.5170
hybrid,1,3.9880
hybrid,1,5.0700
hybrid,1,4.6670
hybrid,1,5.0020
hybrid,1,6.1170
hybrid,1,4.9470
hybrid,1,5.0010
hybrid,1,3.6580
hybrid,1,4.1190
hybrid,1,5.9910
hybrid,1,5.9680
hybrid,1,5.1420
hybrid,1,5.9780
hybrid,1,6.2890
hybrid,1,3.5920
hybrid,1,4.6230
hybrid,1,4.9200
hybrid,1,4.3990
hybrid,1,5.9510
hybrid,1,4.0720
hybrid,1,5.2530
hybrid,1,3.9030
hybrid,1,4.2920
hybrid,1,3.8770
hybrid,1,3.7290
hybrid,1,5.0390
hybrid,1,4.6090
hybrid,1,6.8630
hybrid,1,5.4270
hybrid,1,3.6890
hybrid,1,4.1230
hybrid,1,3.9590
hybrid,1,3.7700
hybrid,1,5.3140
hybrid,1,4.1000
hybrid,1,3.8860
hybrid,1,3.5420
hybrid,1,4.9150
hybrid,1,3.6410
hybrid,1,3.7550
hybrid,1,3.8790
hybrid,1,5.0360
hybrid,1,3.5050
hybrid,1,4.7590
hybrid,1,4.1190
hybrid,1,4.6200
hybrid,1,4.8930
hybrid,1,4.1140
hybrid,1,3.8800
hybrid,1,4.3020
hybrid,2,7.3760
hybrid,2,4.9240
hybrid,2,3.6900
hybrid,2,4.8560
hybrid,2,5.3210
hybrid,2,4.3680
hybrid,2,4.6890
hybrid,2,3.7110
hybrid,2,4.3680
hybrid,2,4.6760
hybrid,2,4.9950
hybrid,2,4.6000
hybrid,2,4.6330
hybrid,2,3.8510
hybrid,2,4.3960
hybrid,2,3.5960
hybrid,2,4.4470
hybrid,2,3.9570
hybrid,2,4.3460
hybrid,2,5.6220
hybrid,2,6.1400
hybrid,2,6.1930
hybrid,2,3.5950
hybrid,2,3.5300
hybrid,2,3.6510
hybrid,2,6.6000
hybrid,2,4.5650
hybrid,2,5.4550
hybrid,2,4.3150
hybrid,2,3.5770
hybrid,2,4.7340
hybrid,2,3.9670
hybrid,2,4.0400
hybrid,2,4.0090
hybrid,2,4.0370
hybrid,2,3.9190
hybrid,2,5.2720
hybrid,2,4.2900
hybrid,2,5.3670
hybrid,2,4.9470
hybrid,2,4.1420
hybrid,2,4.3280
hybrid,2,4.3940
hybrid,2,4.8220
hybrid,2,4.6290
hybrid,2,6.2080
hybrid,2,5.2910
hybrid,2,5.2020
hybrid,2,4.9010
hybrid,2,5.1970
hybrid,2,6.3370
hybrid,2,4.1520
hybrid,2,5.0080
hybrid,2,4.2330
hybrid,2,4.3010
hybrid,2,4.5080
hybrid,2,5.9700
hybrid,2,4.3140
hybrid,2,4.9200
hybrid,2,4.1380
hybrid,2,4.5530
hybrid,2,4.0550
hybrid,2,5.3410
hybrid,2,4.2060
hybrid,2,4.1920
hybrid,2,4.3840
hybrid,2,4.7240
hybrid,2,5.7230
hybrid,2,8.5060
hybrid,2,4.8120
hybrid,2,5.6410
hybrid,2,3.8930
hybrid,2,4.3430
hybrid,2,3.8460
hybrid,2,5.7600
hybrid,2,7.0260
hybrid,2,4.3740
hybrid,2,4.2360
hybrid,2,3.7650
hybrid,2,5.0600
hybrid,2,3.6050
hybrid,2,6.9230
hybrid,2,4.0700
hybrid,2,4.1640
hybrid,2,4.5700
hybrid,2,3.7270
hybrid,2,3.8570
hybrid,2,5.2030
hybrid,2,3.7790
hybrid,2,3.6020
hybrid,2,6.2090
hybrid,2,4.0080
hybrid,2,4.6190
hybrid,2,4.7550
hybrid,2,3.7070
hybrid,2,5.1040
hybrid,2,4.8060
hybrid,2,4.0170
hybrid,2,4.4920
hybrid,2,3.6410
hybrid,2,4.3820
hybrid,2,4.1000
hybrid,2,3.7810
hybrid,2,5.3110
hybrid,2,6.1230
hybrid,2,4.1530
hybrid,2,4.6080
hybrid,2,4.1640
hybrid,2,4.3120
hybrid,2,4.1520
hybrid,2,4.0690
hybrid,2,4.1470
hybrid,2,3.8480
hybrid,2,5.5300
hybrid,2,4.9830
hybrid,2,3.8560
hybrid,2,4.1630
hybrid,2,4.2340
hybrid,2,4.2330
hybrid,2,3.4270
hybrid,2,4.7670
hybrid,2,4.8450
hybrid,2,3.8370
hybrid,2,7.2410
hybrid,2,4.6730
hybrid,2,8.3800
hybrid,2,3.8440
hybrid,2,6.9510
hybrid,2,3.6900
hybrid,2,5.8050
hybrid,2,4.2400
hybrid,2,4.2030
hybrid,2,4.6980
hybrid,2,3.9950
hybrid,2,4.2450
hybrid,2,3.5070
hybrid,2,4.5620
hybrid,2,5.9040
hybrid,2,4.0830
hybrid,2,4.6570
hybrid,2,4.5440
hybrid,2,5.3420
hybrid,2,6.2890
hybrid,2,6.1350
hybrid,2,4.3000
hybrid,2,3.6870
hybrid,2,4.1230
hybrid,2,4.1700
hybrid,2,3.7770
hybrid,2,4.6600
hybrid,2,4.0990
hybrid,2,4.2500
hybrid,2,4.1880
hybrid,2,4.3000
hybrid,2,5.9020
hybrid,2,3.8210
hybrid,2,4.0690
hybrid,2,7.2110
hybrid,2,4.1390
hybrid,2,3.4710
hybrid,2,3.9520
hybrid,2,4.5990
hybrid,2,5.8630
hybrid,2,4.5920
hybrid,2,4.3570
hybrid,2,3.5700
hybrid,2,4.9280
hybrid,2,5.1570
hybrid,2,4.6940
hybrid,2,4.5670
hybrid,2,4.1400
hybrid,2,6.2280
hybrid,2,4.6570
hybrid,2,5.0760
hybrid,2,4.1460
hybrid,2,3.5920
hybrid,2,4.5350
hybrid,2,4.6260
hybrid,2,5.0750
hybrid,2,3.8790
hybrid,2,4.0290
hybrid,2,3.8130
hybrid,2,5.7710
hybrid,2,3.8980
hybrid,2,4.4600
hybrid,2,4.2840
hybrid,2,4.6820
hybrid,2,4.2410
hybrid,2,4.5760
hybrid,2,4.4000
hybrid,2,4.3200
hybrid,2,3.6190
hybrid,2,4.7200
hybrid,2,3.5520
hybrid,2,3.5170
hybrid,2,4.8030
hybrid,2,3.9480
hybrid,2,4.5500
hybrid,2,3.6170
hybrid,2,4.0740
hybrid,3,3.9030
hybrid,3,4.1230
hybrid,3,3.8990
hybrid,3,4.4840
hybrid,3,6.4130
hybrid,3,5.2530
hybrid,3,4.8750
hybrid,3,6.7060
hybrid,3,5.2860
hybrid,3,6.3210
hybrid,3,5.4120
hybrid,3,5.4940
hybrid,3,6.4890
hybrid,3,4.9140
hybrid,3,4.6040
hybrid,3,4.2720
hybrid,3,4.2000
hybrid,3,5.7300
hybrid,3,4.3180
hybrid,3,7.6400
hybrid,3,5.2970
hybrid,3,4.2130
hybrid,3,7.4310
hybrid,3,4.9720
hybrid,3,4.4400
hybrid,3,3.6380
hybrid,3,3.5530
hybrid,3,3.6380
hybrid,3,4.2760
hybrid,3,4.2600
hybrid,3,5.0060
hybrid,3,3.7970
hybrid,3,3.9890
hybrid,3,3.9260
hybrid,3,4.2820
hybrid,3,4.6320
hybrid,3,6.0210
hybrid,3,3.9950
hybrid,3,3.7470
hybrid,3,4.3730
hybrid,3,4.3140
hybrid,3,4.0400
hybrid,3,5.8130
hybrid,3,4.7920
hybrid,3,3.6150
hybrid,3,3.4580
hybrid,3,5.1310
hybrid,3,4.9750
hybrid,3,4.6140
hybrid,3,4.8310
hybrid,3,3.8300
hybrid,3,3.7380
hybrid,3,4.6100
hybrid,3,4.4110
hybrid,3,4.6710
hybrid,3,4.7780
hybrid,3,5.2190
hybrid,3,3.6570
hybrid,3,4.0440
hybrid,3,3.7890
hybrid,3,4.7910
hybrid,3,3.6010
hybrid,3,4.6450
hybrid,3,3.4890
hybrid,3,3.7500
hybrid,3,5.8040
hybrid,3,5.2400
hybrid,3,4.0660
hybrid,3,3.8960
hybrid,3,3.8330
hybrid,3,7.1310
hybrid,3,5.5150
hybrid,3,4.3260
hybrid,3,8.1190
hybrid,3,4.4820
hybrid,3,4.9330
hybrid,3,4.0310
hybrid,3,5.8750
hybrid,3,3.5700
hybrid,3,3.7160
hybrid,3,4.3520
hybrid,3,3.5560
hybrid,3,3.7530
hybrid,3,3.3430
hybrid,3,5.0780
hybrid,3,4.0740
hybrid,3,5.0200
hybrid,3,4.3890
hybrid,3,3.6880
hybrid,3,5.2990
hybrid,3,3.5110
hybrid,3,3.6260
hybrid,3,4.2200
hybrid,3,3.8250
hybrid,3,3.5200
hybrid,3,3.8920
hybrid,3,3.8020
hybrid,3,4.3480
hybrid,3,3.9700
hybrid,3,3.6850
hybrid,3,5.1790
hybrid,3,4.5190
hybrid,3,4.6500
hybrid,3,4.5010
hybrid,3,4.8040
hybrid,3,4.0290
hybrid,3,4.0560
hybrid,3,4.1830
hybrid,3,3.9400
hybrid,3,3.8870
hybrid,3,3.6840
hybrid,3,4.2980
hybrid,3,5.8900
hybrid,3,4.7160
hybrid,3,5.0090
hybrid,3,5.8450
hybrid,3,5.1980
hybrid,3,4.8210
hybrid,3,4.0030
hybrid,3,3.5200
hybrid,3,3.9240
hybrid,3,4.1510
hybrid,3,4.2650
hybrid,3,3.7520
hybrid,3,4.0900
hybrid,3,4.5120
hybrid,3,5.5500
hybrid,3,3.5870
hybrid,3,4.1420
hybrid,3,5.4940
hybrid,3,5.2200
hybrid,3,5.5350
hybrid,3,4.0670
hybrid,3,3.7810
hybrid,3,6.9080
hybrid,3,4.3310
hybrid,3,4.2940
hybrid,3,4.3020
hybrid,3,3.5790
hybrid,3,3.6680
hybrid,3,4.2260
hybrid,3,5.1640
hybrid,3,3.5420
hybrid,3,3.8870
hybrid,3,5.4180
hybrid,3,4.9910
hybrid,3,4.6240
hybrid,3,6.3490
hybrid,3,3.5140
hybrid,3,5.9140
hybrid,3,3.7460
hybrid,3,4.4550
hybrid,3,4.3510
hybrid,3,5.0720
hybrid,3,5.2340
hybrid,3,4.3500
hybrid,3,4.2140
hybrid,3,3.9560
hybrid,3,4.4710
hybrid,3,5.8940
hybrid,3,5.4920
hybrid,3,3.9000
hybrid,3,3.8860
hybrid,3,4.6820
hybrid,3,5.0190
hybrid,3,5.5300
hybrid,3,5.3900
hybrid,3,3.6880
hybrid,3,4.9480
hybrid,3,5.5330
hybrid,3,3.9960
hybrid,3,3.9590
hybrid,3,3.8300
hybrid,3,4.9920
hybrid,3,4.9710
hybrid,3,4.0670
hybrid,3,4.1990
hybrid,3,4.2310
hybrid,3,4.2150
hybrid,3,6.1530
hybrid,3,3.9190
hybrid,3,4.3190
hybrid,3,4.1710
hybrid,3,4.0850
hybrid,3,4.9020
hybrid,3,5.3900
hybrid,3,3.9990
hybrid,3,4.3640
hybrid,3,4.2860
hybrid,3,3.6420
hybrid,3,5.1460
hybrid,3,4.0390
hybrid,3,3.9290
hybrid,3,3.7390
hybrid,3,6.0300
hybrid,3,3.8040
hybrid,3,7.5620
hybrid,3,4.6110
hybrid,3,5.9070
hybrid,3,3.5120
pure,1,4.9510
pure,1,4.1320
pure,1,3.9620
pure,1,7.3170
pure,1,4.7630
pure,1,4.1030
pure,1,4.2230
pure,1,4.2140
pure,1,4.8310
pure,1,5.1130
pure,1,3.7290
pure,1,5.2890
pure,1,4.4330
pure,1,3.7630
pure,1,4.3080
pure,1,6.0440
pure,1,3.5180
pure,1,4.7000
pure,1,3.8930
pure,1,3.7100
pure,1,3.4590
pure,1,5.5430
pure,1,4.5560
pure,1,3.4470
pure,1,5.6700
pure,1,3.8050
pure,1,4.0270
pure,1,6.1000
pure,1,5.4580
pure,1,4.2950
pure,1,3.4660
pure,1,4.2160
pure,1,3.9950
pure,1,4.9980
pure,1,3.3470
pure,1,4.0500
pure,1,3.5240
pure,1,4.0940
pure,1,4.1560
pure,1,3.8640
pure,1,6.1960
pure,1,4.2230
pure,1,3.4500
pure,1,3.8840
pure,1,4.5290
pure,1,4.1880
pure,1,3.7580
pure,1,4.0970
pure,1,4.3320
pure,1,3.3380
pure,1,4.6070
pure,1,4.3680
pure,1,5.0730
pure,1,5.4870
pure,1,3.9090
pure,1,3.5330
pure,1,4.5890
pure,1,3.7200
pure,1,4.4000
pure,1,5.8920
pure,1,4.2730
pure,1,4.0070
pure,1,5.8760
pure,1,5.9020
pure,1,3.9980
pure,1,4.6470
pure,1,5.0220
pure,1,3.5760
pure,1,5.6410
pure,1,3.7850
pure,1,4.8870
pure,1,4.6900
pure,1,4.0590
pure,1,4.1040
pure,1,4.3920
pure,1,4.0890
pure,1,4.6700
pure,1,4.8680
pure,1,4.0840
pure,1,5.1400
pure,1,6.0810
pure,1,4.9090
pure,1,4.6630
pure,1,4.5370
pure,1,4.3430
pure,1,3.9230
pure,1,4.2360
pure,1,4.1700
pure,1,4.3530
pure,1,5.1400
pure,1,6.4560
pure,1,4.6650
pure,1,4.2280
pure,1,5.4190
pure,1,4.4180
pure,1,5.2200
pure,1,3.8860
pure,1,4.0810
pure,1,4.4890
pure,1,3.7500
pure,1,3.8340
pure,1,7.1750
pure,1,4.7610
pure,1,5.1620
pure,1,4.0950
pure,1,5.5070
pure,1,3.6040
pure,1,6.9170
pure,1,4.4200
pure,1,3.7080
pure,1,4.4730
pure,1,4.7610
pure,1,3.9330
pure,1,4.2980
pure,1,3.5240
pure,1,6.8250
pure,1,5.0750
pure,1,5.1920
pure,1,3.3940
pure,1,4.6760
pure,1,3.4370
pure,1,4.4640
pure,1,4.3770
pure,1,5.1920
pure,1,3.9390
pure,1,4.1820
pure,1,4.4550
pure,1,3.8240
pure,1,4.5280
pure,1,3.8390
pure,1,4.1570
pure,1,3.4970
pure,1,4.6330
pure,1,6.6640
pure,1,3.7480
pure,1,3.9860
pure,1,4.0020
pure,1,4.8080
pure,1,4.5570
pure,1,4.9950
pure,1,5.1780
pure,1,4.0930
pure,1,4.0210
pure,1,5.0700
pure,1,4.6320
pure,1,5.2950
pure,1,4.7350
pure,1,5.8830
pure,1,4.1560
pure,1,4.4490
pure,1,4.0420
pure,1,3.9170
pure,1,5.2060
pure,1,3.8840
pure,1,4.1600
pure,1,5.0410
pure,1,4.1910
pure,1,4.4820
pure,1,3.7560
pure,1,5.6560
pure,1,5.2130
pure,1,3.7070
pure,1,4.2270
pure,1,4.9730
pure,1,3.8870
pure,1,3.8840
pure,1,4.1560
pure,1,3.6330
pure,1,4.5890
pure,1,4.7380
pure,1,4.6150
pure,1,5.0010
pure,1,4.1970
pure,1,4.8330
pure,1,4.4280
pure,1,5.3500
pure,1,3.6220
pure,1,4.8480
pure,1,5.0490
pure,1,6.8410
pure,1,4.0730
pure,1,5.1320
pure,1,4.8940
pure,1,3.8940
pure,1,5.6390
pure,1,5.1700
pure,1,4.7530
pure,1,5.9910
pure,1,5.6170
pure,1,5.7630
pure,1,5.2140
pure,1,4.7090
pure,1,4.7740
pure,1,5.2200
pure,1,5.4920
pure,1,5.1300
pure,1,4.0510
pure,1,4.6980
pure,1,4.4250
pure,1,4.3280
pure,2,5.6030
pure,2,4.2790
pure,2,4.2200
pure,2,4.2990
pure,2,3.9880
pure,2,4.4490
pure,2,3.7320
pure,2,4.6950
pure,2,4.6960
pure,2,4.2230
pure,2,4.2090
pure,2,3.7550
pure,2,5.8820
pure,2,3.9620
pure,2,3.7860
pure,2,4.2830
pure,2,4.1060
pure,2,5.8660
pure,2,4.8600
pure,2,4.5770
pure,2,5.1640
pure,2,4.5320
pure,2,4.2020
pure,2,4.2410
pure,2,3.6910
pure,2,6.0360
pure,2,5.0810
pure,2,6.2320
pure,2,4.5980
pure,2,3.6310
pure,2,5.3110
pure,2,3.5390
pure,2,4.0790
pure,2,3.8050
pure,2,4.2180
pure,2,7.3210
pure,2,6.1990
pure,2,6.8980
pure,2,5.3550
pure,2,3.9630
pure,2,4.0250
pure,2,5.1010
pure,2,3.6960
pure,2,3.6260
pure,2,3.6070
pure,2,4.0840
pure,2,3.5780
pure,2,4.0470
pure,2,3.6350
pure,2,4.6810
pure,2,5.5010
pure,2,3.5140
pure,2,5.4220
pure,2,5.4770
pure,2,4.1910
pure,2,5.8560
pure,2,3.9560
pure,2,5.5180
pure,2,3.5480
pure,2,3.9500
pure,2,4.9940
pure,2,3.9260
pure,2,4.4080
pure,2,5.4010
pure,2,3.4690
pure,2,5.1840
pure,2,4.2440
pure,2,5.2700
pure,2,4.9550
pure,2,4.1940
pure,2,5.4770
pure,2,4.3390
pure,2,3.8140
pure,2,4.8860
pure,2,4.2240
pure,2,4.3820
pure,2,4.8880
pure,2,4.0750
pure,2,3.6410
pure,2,4.3550
pure,2,4.6840
pure,2,4.2220
pure,2,6.1010
pure,2,3.5520
pure,2,5.8080
pure,2,4.5800
pure,2,4.6970
pure,2,3.8130
pure,2,4.6950
pure,2,3.9830
pure,2,4.8240
pure,2,4.6240
pure,2,4.9630
pure,2,6.1320
pure,2,4.6170
pure,2,4.7210
pure,2,4.2540
pure,2,3.9250
pure,2,5.5890
pure,2,4.9060
pure,2,5.7560
pure,2,3.8670
pure,2,4.4440
pure,2,3.9370
pure,2,3.3700
pure,2,3.7990
pure,2,5.0230
pure,2,3.7450
pure,2,3.8130
pure,2,3.6940
pure,2,4.2850
pure,2,3.8210
pure,2,4.2040
pure,2,4.1580
pure,2,4.4610
pure,2,3.9950
pure,2,4.6600
pure,2,4.5460
pure,2,3.3710
pure,2,5.2370
pure,2,3.8140
pure,2,3.3130
pure,2,3.7200
pure,2,5.0180
pure,2,4.8520
pure,2,3.7020
pure,2,5.4890
pure,2,4.2010
pure,2,4.2620
pure,2,5.1540
pure,2,4.7000
pure,2,3.6170
pure,2,4.9160
pure,2,4.9610
pure,2,4.1870
pure,2,3.8760
pure,2,3.9080
pure,2,4.2280
pure,2,4.2480
pure,2,4.0400
pure,2,5.9830
pure,2,5.0510
pure,2,4.3940
pure,2,5.3110
pure,2,4.9850
pure,2,5.9680
pure,2,4.3130
pure,2,6.1630
pure,2,4.8520
pure,2,4.2400
pure,2,4.0740
pure,2,3.3980
pure,2,3.6100
pure,2,4.7850
pure,2,5.5760
pure,2,3.6910
pure,2,3.7090
pure,2,4.7480
pure,2,5.6110
pure,2,4.1560
pure,2,4.2590
pure,2,3.7290
pure,2,4.1420
pure,2,4.4830
pure,2,4.3690
pure,2,4.1290
pure,2,5.9240
pure,2,4.5770
pure,2,3.9920
pure,2,6.4870
pure,2,3.5680
pure,2,3.7590
pure,2,4.7270
pure,2,4.3220
pure,2,4.1340
pure,2,4.2050
pure,2,5.0250
pure,2,4.3100
pure,2,6.2200
pure,2,3.5680
pure,2,3.6490
pure,2,4.4950
pure,2,4.4770
pure,2,3.6820
pure,2,4.2930
pure,2,4.1160
pure,2,4.4710
pure,2,3.4450
pure,2,4.5820
pure,2,3.5510
pure,2,3.8520
pure,2,4.5610
pure,2,4.3080
pure,2,4.8880
pure,2,3.8850
pure,2,5.4150
pure,2,5.5340
pure,2,4.5560
pure,2,4.8810
pure,2,4.5530
pure,3,4.1450
pure,3,3.3290
pure,3,4.4270
pure,3,4.2020
pure,3,3.9990
pure,3,4.5200
pure,3,3.9390
pure,3,4.1450
pure,3,3.9000
pure,3,5.5780
pure,3,4.0460
pure,3,3.9440
pure,3,4.0180
pure,3,4.0750
pure,3,4.6560
pure,3,4.5270
pure,3,4.1340
pure,3,3.6730
pure,3,3.8210
pure,3,3.7330
pure,3,4.4890
pure,3,3.6380
pure,3,4.2170
pure,3,4.1160
pure,3,4.2990
pure,3,5.7000
pure,3,4.1120
pure,3,4.2470
pure,3,4.8060
pure,3,4.4660
pure,3,3.6070
pure,3,4.5370
pure,3,5.5290
pure,3,4.3050
pure,3,4.0840
pure,3,4.2770
pure,3,5.0250
pure,3,4.8580
pure,3,4.3690
pure,3,6.1780
pure,3,4.1720
pure,3,4.0980
pure,3,5.8000
pure,3,6.9890
pure,3,3.8180
pure,3,5.0740
pure,3,3.6190
pure,3,3.7830
pure,3,4.9810
pure,3,5.0170
pure,3,3.7720
pure,3,4.6850
pure,3,3.7160
pure,3,3.8140
pure,3,5.8850
pure,3,3.4530
pure,3,4.1430
pure,3,4.7840
pure,3,3.8840
pure,3,4.0520
pure,3,3.9600
pure,3,3.9780
pure,3,3.9270
pure,3,4.8610
pure,3,5.0020
pure,3,3.9170
pure,3,4.1220
pure,3,5.9280
pure,3,4.7440
pure,3,3.3620
pure,3,4.0710
pure,3,3.7780
pure,3,4.6120
pure,3,3.7740
pure,3,3.4820
pure,3,5.1630
pure,3,3.5360
pure,3,3.9260
pure,3,3.9750
pure,3,3.9510
pure,3,3.9250
pure,3,3.6440
pure,3,4.4110
pure,3,4.8280
pure,3,4.4550
pure,3,4.1970
pure,3,5.4440
pure,3,4.9190
pure,3,3.4240
pure,3,5.9910
pure,3,5.6830
pure,3,4.0720
pure,3,4.5100
pure,3,6.0800
pure,3,4.9260
pure,3,4.3830
pure,3,4.5120
pure,3,3.4520
pure,3,5.1460
pure,3,4.7080
pure,3,4.1320
pure,3,4.3650
pure,3,3.3700
pure,3,4.1080
pure,3,4.0410
pure,3,4.7930
pure,3,5.1540
pure,3,8.1630
pure,3,4.9390
pure,3,3.8860
pure,3,5.6570
pure,3,5.4360
pure,3,3.6880
pure,3,4.8520
pure,3,4.4740
pure,3,3.5900
pure,3,3.6830
pure,3,3.3620
pure,3,3.4340
pure,3,3.7290
pure,3,4.0820
pure,3,4.1270
pure,3,3.9800
pure,3,3.7010
pure,3,4.4380
pure,3,3.8210
pure,3,4.4500
pure,3,3.4370
pure,3,3.8310
pure,3,5.0480
pure,3,4.9750
pure,3,4.6570
pure,3,4.5180
pure,3,5.1060
pure,3,3.2330
pure,3,3.6470
pure,3,4.0180
pure,3,4.6300
pure,3,3.8660
pure,3,4.4680
pure,3,4.6160
pure,3,5.0710
pure,3,3.7860
pure,3,4.2310
pure,3,4.5950
pure,3,3.7260
pure,3,6.0670
pure,3,5.9540
pure,3,4.8720
pure,3,3.9890
pure,3,3.4940
pure,3,3.9910
pure,3,5.4670
pure,3,5.2580
pure,3,3.9140
pure,3,8.2170
pure,3,4.6730
pure,3,3.7630
pure,3,3.6150
pure,3,3.7550
pure,3,4.8410
pure,3,5.8440
pure,3,4.5330
pure,3,4.1670
pure,3,3.7930
pure,3,4.5110
pure,3,5.2100
pure,3,7.9680
pure,3,5.6900
pure,3,4.1050
pure,3,4.4090
pure,3,6.0190
pure,3,5.0660
pure,3,3.8270
pure,3,4.2960
pure,3,5.0980
pure,3,4.3430
pure,3,4.5800
pure,3,5.7480
pure,3,3.5780
pure,3,4.1780
pure,3,4.6850
pure,3,3.7430
pure,3,3.9910
pure,3,3.7640
pure,3,4.0730
pure,3,5.5710
pure,3,5.9590
pure,3,4.1040
pure,3,3.4990
pure,3,5.7210
pure,3,4.2010
pure,3,3.8340
pure,3,3.7250
pure,3,3.7880
pure,3,3.9820
pure,3,3.4710
pure,3,5.0130
pure,3,6.0440
pure,3,4.1460
